"finding_id","severity","slug","title","source_file","finding_path","root_cause_epic","root_cause_title","owner","sprint","labels"
"auth-bypass-36c9c17609","CRITICAL","auth-bypass","Team invite creation leaks bearer invite tokens enabling account takeover","src/app/app/(app)/settings/restaurant/team/page.tsx",".deepsec/findings/CRITICAL/nabatableLP-auth-bypass-36c9c17609.md","SEC-001","Account takeover and auth-token exposure","Auth owner","Sprint 1","security-critical;account-takeover;secrets;needs-regression"
"auth-bypass-39d290830a","CRITICAL","auth-bypass","Invitation acceptance can reset an existing user's password","src/app/api/team/invitations/[token]/accept/route.ts",".deepsec/findings/CRITICAL/nabatableLP-auth-bypass-39d290830a.md","SEC-001","Account takeover and auth-token exposure","Auth owner","Sprint 1","security-critical;account-takeover;secrets;needs-regression"
"auth-bypass-8436af8198","CRITICAL","auth-bypass","Invitation acceptance can take over existing or new email accounts","src/app/api/team/invitations/[token]/accept/route.ts",".deepsec/findings/CRITICAL/nabatableLP-auth-bypass-8436af8198.md","SEC-001","Account takeover and auth-token exposure","Auth owner","Sprint 1","security-critical;account-takeover;secrets;needs-regression"
"other-account-takeover-809137802e","CRITICAL","other-account-takeover","Invite token disclosure enables account takeover through the accept flow","src/app/api/ops/team/invitations/route.ts",".deepsec/findings/CRITICAL/nabatableLP-other-account-takeover-809137802e.md","SEC-001","Account takeover and auth-token exposure","Auth owner","Sprint 1","security-critical;account-takeover;secrets;needs-regression"
"other-account-takeover-847a9db109","CRITICAL","other-account-takeover","Invite creator receives a bearer token that can reset existing users' passwords","src/app/api/ops/team/invitations/route.ts",".deepsec/findings/CRITICAL/nabatableLP-other-account-takeover-847a9db109.md","SEC-001","Account takeover and auth-token exposure","Auth owner","Sprint 1","security-critical;account-takeover;secrets;needs-regression"
"acl-check-07c04d4188","HIGH","acl-check","Global occasion mutations lack backend role authorization","src/components/features/restaurant-settings/OccasionsSection.tsx",".deepsec/findings/HIGH/nabatableLP-acl-check-07c04d4188.md","SEC-002","Service-role before tenant authorization","Platform/API owner","Sprint 1","security-critical;tenant-isolation;service-role;needs-regression"
"acl-check-119d3cff67","HIGH","acl-check","Authenticated users can overwrite another restaurant's service periods","src/app/api/onboarding/restaurant/[id]/service-periods/route.ts",".deepsec/findings/HIGH/nabatableLP-acl-check-119d3cff67.md","SEC-002","Service-role before tenant authorization","Platform/API owner","Sprint 1","security-critical;tenant-isolation;service-role;needs-regression"
"acl-check-13eafca14b","HIGH","acl-check","Non-admin restaurant members can mutate table and zone settings","src/app/app/(app)/settings/restaurant/tables/page.tsx",".deepsec/findings/HIGH/nabatableLP-acl-check-13eafca14b.md","SEC-002","Service-role before tenant authorization","Platform/API owner","Sprint 1","security-critical;tenant-isolation;service-role;needs-regression"
"acl-check-19e3129f1f","HIGH","acl-check","Zone update and delete allow non-admin restaurant members","src/app/api/ops/zones/[id]/route.ts",".deepsec/findings/HIGH/nabatableLP-acl-check-19e3129f1f.md","SEC-002","Service-role before tenant authorization","Platform/API owner","Sprint 1","security-critical;tenant-isolation;service-role;needs-regression"
"acl-check-1a7d0ba02d","HIGH","acl-check","Global booking occasions can be changed without role authorization","src/components/features/restaurant-settings/OccasionsSection.tsx",".deepsec/findings/HIGH/nabatableLP-acl-check-1a7d0ba02d.md","SEC-002","Service-role before tenant authorization","Platform/API owner","Sprint 1","security-critical;tenant-isolation;service-role;needs-regression"
"acl-check-1bc3832188","HIGH","acl-check","Non-admin restaurant members can update or delete zones","src/app/api/ops/zones/[id]/route.ts",".deepsec/findings/HIGH/nabatableLP-acl-check-1bc3832188.md","SEC-002","Service-role before tenant authorization","Platform/API owner","Sprint 1","security-critical;tenant-isolation;service-role;needs-regression"
"acl-check-2284b9df57","HIGH","acl-check","Occasion mutations rely on handlers with no backend admin authorization","src/services/ops/occasions.ts",".deepsec/findings/HIGH/nabatableLP-acl-check-2284b9df57.md","SEC-002","Service-role before tenant authorization","Platform/API owner","Sprint 1","security-critical;tenant-isolation;service-role;needs-regression"
"acl-check-2a6634ed16","HIGH","acl-check","Any authenticated user can create zones for arbitrary restaurants","src/app/api/onboarding/restaurant/[id]/zones/route.ts",".deepsec/findings/HIGH/nabatableLP-acl-check-2a6634ed16.md","SEC-002","Service-role before tenant authorization","Platform/API owner","Sprint 1","security-critical;tenant-isolation;service-role;needs-regression"
"acl-check-2b0387af68","HIGH","acl-check","Managers can grant owner role through direct invite payloads","server/team/invitations.ts",".deepsec/findings/HIGH/nabatableLP-acl-check-2b0387af68.md","SEC-001","Account takeover and auth-token exposure","Auth owner","Sprint 1","security-critical;account-takeover;secrets;needs-regression"
"acl-check-2feb13ed9a","HIGH","acl-check","Managers can create owner invitations by bypassing the UI","src/app/api/ops/team/invitations/route.ts",".deepsec/findings/HIGH/nabatableLP-acl-check-2feb13ed9a.md","SEC-001","Account takeover and auth-token exposure","Auth owner","Sprint 1","security-critical;account-takeover;secrets;needs-regression"
"acl-check-31f16c7fb5","HIGH","acl-check","Managers can create owner invitations by bypassing the client role list","src/app/api/ops/team/invitations/route.ts",".deepsec/findings/HIGH/nabatableLP-acl-check-31f16c7fb5.md","SEC-001","Account takeover and auth-token exposure","Auth owner","Sprint 1","security-critical;account-takeover;secrets;needs-regression"
"acl-check-3902d2c252","HIGH","acl-check","Service-role service period mutation trusts caller-supplied restaurant ID","server/restaurants/servicePeriods.ts",".deepsec/findings/HIGH/nabatableLP-acl-check-3902d2c252.md","SEC-002","Service-role before tenant authorization","Platform/API owner","Sprint 1","security-critical;tenant-isolation;service-role;needs-regression"
"acl-check-556a5891e8","HIGH","acl-check","Availability settings can drive a globally scoped occasions write path without tenant/admin authorization","src/app/app/(app)/settings/restaurant/availability/page.tsx",".deepsec/findings/HIGH/nabatableLP-acl-check-556a5891e8.md","SEC-002","Service-role before tenant authorization","Platform/API owner","Sprint 1","security-critical;tenant-isolation;service-role;needs-regression"
"acl-check-55d2ad1b35","HIGH","acl-check","Managers can mint owner invitations via direct API request","src/app/app/(app)/settings/restaurant/team/page.tsx",".deepsec/findings/HIGH/nabatableLP-acl-check-55d2ad1b35.md","SEC-001","Account takeover and auth-token exposure","Auth owner","Sprint 1","security-critical;account-takeover;secrets;needs-regression"
"acl-check-653f2cfaaf","HIGH","acl-check","Restaurant settings route lacks an admin role guard","src/app/app/(app)/settings/restaurant/layout.tsx",".deepsec/findings/HIGH/nabatableLP-acl-check-653f2cfaaf.md","SEC-002","Service-role before tenant authorization","Platform/API owner","Sprint 1","security-critical;tenant-isolation;service-role;needs-regression"
"acl-check-6830d02d62","HIGH","acl-check","Global booking occasions can be mutated without backend role authorization","src/components/features/restaurant-settings/AvailabilityOccasionsEditor.tsx",".deepsec/findings/HIGH/nabatableLP-acl-check-6830d02d62.md","SEC-002","Service-role before tenant authorization","Platform/API owner","Sprint 1","security-critical;tenant-isolation;service-role;needs-regression"
"acl-check-696a54f3cb","HIGH","acl-check","Any authenticated user can create tables for arbitrary restaurants","src/app/api/onboarding/restaurant/[id]/tables/route.ts",".deepsec/findings/HIGH/nabatableLP-acl-check-696a54f3cb.md","SEC-002","Service-role before tenant authorization","Platform/API owner","Sprint 1","security-critical;tenant-isolation;service-role;needs-regression"
"acl-check-6b59bb97ba","HIGH","acl-check","Onboarding restaurant ID drives service-role writes without restaurant authorization","src/components/features/onboarding/OnboardingWizard.tsx",".deepsec/findings/HIGH/nabatableLP-acl-check-6b59bb97ba.md","SEC-002","Service-role before tenant authorization","Platform/API owner","Sprint 1","security-critical;tenant-isolation;service-role;needs-regression"
"acl-check-757aa41b30","HIGH","acl-check","Authenticated users can update another restaurant's service periods","src/app/api/onboarding/restaurant/[id]/service-periods/route.ts",".deepsec/findings/HIGH/nabatableLP-acl-check-757aa41b30.md","SEC-002","Service-role before tenant authorization","Platform/API owner","Sprint 1","security-critical;tenant-isolation;service-role;needs-regression"
"acl-check-7f581c60c5","HIGH","acl-check","Drink menu RPCs can bypass app-layer authorization if left executable by PUBLIC","server/drinks-menu/repository.ts",".deepsec/findings/HIGH/nabatableLP-acl-check-7f581c60c5.md","SEC-002","Service-role before tenant authorization","Platform/API owner","Sprint 1","security-critical;tenant-isolation;service-role;needs-regression"
"acl-check-8ccbed693e","HIGH","acl-check","Assignment context endpoint lacks handler-level tenant authorization","src/components/features/dashboard/booking-details/hooks/useTableAssignment.ts",".deepsec/findings/HIGH/nabatableLP-acl-check-8ccbed693e.md","SEC-002","Service-role before tenant authorization","Platform/API owner","Sprint 1","security-critical;tenant-isolation;service-role;needs-regression"
"acl-check-8f3d216ae1","HIGH","acl-check","Non-admin restaurant members can mutate zone configuration","server/ops/zones.ts",".deepsec/findings/HIGH/nabatableLP-acl-check-8f3d216ae1.md","SEC-002","Service-role before tenant authorization","Platform/API owner","Sprint 1","security-critical;tenant-isolation;service-role;needs-regression"
"acl-check-911c8c9191","HIGH","acl-check","Any restaurant member can modify table inventory","src/app/api/ops/tables/[id]/route.ts",".deepsec/findings/HIGH/nabatableLP-acl-check-911c8c9191.md","SEC-002","Service-role before tenant authorization","Platform/API owner","Sprint 1","security-critical;tenant-isolation;service-role;needs-regression"
"acl-check-9240a2b462","HIGH","acl-check","Soft-hold RPCs lack tenant authorization","server/capacity/table-assignment/soft-holds.ts",".deepsec/findings/HIGH/nabatableLP-acl-check-9240a2b462.md","SEC-002","Service-role before tenant authorization","Platform/API owner","Sprint 1","security-critical;tenant-isolation;service-role;needs-regression"
"acl-check-92f105780b","HIGH","acl-check","Table assignment context uses a service-role endpoint without resource-level authorization","src/components/features/dashboard/booking-details/components/BookingDialogBody.tsx",".deepsec/findings/HIGH/nabatableLP-acl-check-92f105780b.md","SEC-002","Service-role before tenant authorization","Platform/API owner","Sprint 1","security-critical;tenant-isolation;service-role;needs-regression"
"acl-check-93b6b9e197","HIGH","acl-check","Non-admin restaurant members can mutate table inventory and zones","src/components/features/tables/TableInventoryClient.tsx",".deepsec/findings/HIGH/nabatableLP-acl-check-93b6b9e197.md","SEC-002","Service-role before tenant authorization","Platform/API owner","Sprint 1","security-critical;tenant-isolation;service-role;needs-regression"
"acl-check-9e05fa7ef1","HIGH","acl-check","Restaurant availability page can mutate the global booking occasion catalog","src/components/features/restaurant-settings/AvailabilityScheduleManager.tsx",".deepsec/findings/HIGH/nabatableLP-acl-check-9e05fa7ef1.md","SEC-002","Service-role before tenant authorization","Platform/API owner","Sprint 1","security-critical;tenant-isolation;service-role;needs-regression"
"acl-check-aa6e39516b","HIGH","acl-check","Admin-only turn-band settings are bypassable through direct Supabase RLS access","src/app/api/ops/restaurants/[id]/turn-bands/route.ts",".deepsec/findings/HIGH/nabatableLP-acl-check-aa6e39516b.md","SEC-002","Service-role before tenant authorization","Platform/API owner","Sprint 1","security-critical;tenant-isolation;service-role;needs-regression"
"acl-check-ac3f42eee6","HIGH","acl-check","Occasion admin helpers are used without backend admin authorization","server/occasions/admin.ts",".deepsec/findings/HIGH/nabatableLP-acl-check-ac3f42eee6.md","SEC-002","Service-role before tenant authorization","Platform/API owner","Sprint 1","security-critical;tenant-isolation;service-role;needs-regression"
"acl-check-ac6a05a5bd","HIGH","acl-check","Ops restaurant creation lacks route-local authorization","src/app/api/ops/restaurants/route.ts",".deepsec/findings/HIGH/nabatableLP-acl-check-ac6a05a5bd.md","SEC-002","Service-role before tenant authorization","Platform/API owner","Sprint 1","security-critical;tenant-isolation;service-role;needs-regression"
"acl-check-b4f9451dd5","HIGH","acl-check","Occasion creation lacks backend admin authorization","src/app/api/ops/occasions/route.ts",".deepsec/findings/HIGH/nabatableLP-acl-check-b4f9451dd5.md","SEC-002","Service-role before tenant authorization","Platform/API owner","Sprint 1","security-critical;tenant-isolation;service-role;needs-regression"
"acl-check-c237d4b00b","HIGH","acl-check","Global booking occasions can be mutated without role authorization","src/components/features/restaurant-settings/AvailabilityScheduleManager.tsx",".deepsec/findings/HIGH/nabatableLP-acl-check-c237d4b00b.md","SEC-002","Service-role before tenant authorization","Platform/API owner","Sprint 1","security-critical;tenant-isolation;service-role;needs-regression"
"acl-check-c72585dac4","HIGH","acl-check","Managers can tamper invite role to create owner memberships","src/components/features/team/TeamInviteForm.tsx",".deepsec/findings/HIGH/nabatableLP-acl-check-c72585dac4.md","SEC-001","Account takeover and auth-token exposure","Auth owner","Sprint 1","security-critical;account-takeover;secrets;needs-regression"
"acl-check-d373828210","HIGH","acl-check","Any authenticated user can mutate the global occasion catalog","src/app/api/ops/occasions/[key]/route.ts",".deepsec/findings/HIGH/nabatableLP-acl-check-d373828210.md","SEC-002","Service-role before tenant authorization","Platform/API owner","Sprint 1","security-critical;tenant-isolation;service-role;needs-regression"
"acl-check-d95f277b32","HIGH","acl-check","Any authenticated ops user can mutate global occasions","src/services/ops/occasions.ts",".deepsec/findings/HIGH/nabatableLP-acl-check-d95f277b32.md","SEC-002","Service-role before tenant authorization","Platform/API owner","Sprint 1","security-critical;tenant-isolation;service-role;needs-regression"
"acl-check-e75a59edaf","HIGH","acl-check","Service-role assignment context lacks per-restaurant authorization","src/app/api/ops/bookings/[id]/assignment-context/route.ts",".deepsec/findings/HIGH/nabatableLP-acl-check-e75a59edaf.md","SEC-002","Service-role before tenant authorization","Platform/API owner","Sprint 1","security-critical;tenant-isolation;service-role;needs-regression"
"acl-check-e961ce1d89","HIGH","acl-check","Occasion catalog mutations lack backend role authorization","src/components/features/restaurant-settings/AvailabilityOccasionsEditor.tsx",".deepsec/findings/HIGH/nabatableLP-acl-check-e961ce1d89.md","SEC-002","Service-role before tenant authorization","Platform/API owner","Sprint 1","security-critical;tenant-isolation;service-role;needs-regression"
"acl-check-f718be6c0f","HIGH","acl-check","Service-role replacement can be reached from onboarding without restaurant ownership","server/restaurants/servicePeriods.ts",".deepsec/findings/HIGH/nabatableLP-acl-check-f718be6c0f.md","SEC-002","Service-role before tenant authorization","Platform/API owner","Sprint 1","security-critical;tenant-isolation;service-role;needs-regression"
"acl-check-fbd433e113","HIGH","acl-check","Non-admin staff can modify table and zone settings","src/app/app/(app)/settings/restaurant/tables/page.tsx",".deepsec/findings/HIGH/nabatableLP-acl-check-fbd433e113.md","SEC-002","Service-role before tenant authorization","Platform/API owner","Sprint 1","security-critical;tenant-isolation;service-role;needs-regression"
"acl-check-fef0e91096","HIGH","acl-check","Global booking occasions can be changed by non-admin users","src/app/api/ops/occasions/route.ts",".deepsec/findings/HIGH/nabatableLP-acl-check-fef0e91096.md","SEC-002","Service-role before tenant authorization","Platform/API owner","Sprint 1","security-critical;tenant-isolation;service-role;needs-regression"
"auth-bypass-02306251a1","HIGH","auth-bypass","Spoofable host parsing can poison auth magic-link URLs","lib/auth/redirects.ts",".deepsec/findings/HIGH/nabatableLP-auth-bypass-02306251a1.md","SEC-001","Account takeover and auth-token exposure","Auth owner","Sprint 1","security-critical;account-takeover;secrets;needs-regression"
"auth-bypass-051e9ee772","HIGH","auth-bypass","Invitation link lets inviter reset an existing user's password","src/components/features/team/TeamInviteForm.tsx",".deepsec/findings/HIGH/nabatableLP-auth-bypass-051e9ee772.md","SEC-001","Account takeover and auth-token exposure","Auth owner","Sprint 1","security-critical;account-takeover;secrets;needs-regression"
"auth-bypass-58345c742d","HIGH","auth-bypass","Magic-link callback host can be poisoned to leak login tokens","src/app/api/auth/signin/route.ts",".deepsec/findings/HIGH/nabatableLP-auth-bypass-58345c742d.md","SEC-001","Account takeover and auth-token exposure","Auth owner","Sprint 1","security-critical;account-takeover;secrets;needs-regression"
"auth-bypass-90adae6f32","HIGH","auth-bypass","Magic-link token can be sent to an attacker-controlled callback origin","server/auth/magic-link-email.ts",".deepsec/findings/HIGH/nabatableLP-auth-bypass-90adae6f32.md","SEC-001","Account takeover and auth-token exposure","Auth owner","Sprint 1","security-critical;account-takeover;secrets;needs-regression"
"auth-bypass-d416e9788c","HIGH","auth-bypass","Invite creator receives raw acceptance token, enabling mailbox bypass and account takeover","server/team/invitations.ts",".deepsec/findings/HIGH/nabatableLP-auth-bypass-d416e9788c.md","SEC-001","Account takeover and auth-token exposure","Auth owner","Sprint 1","security-critical;account-takeover;secrets;needs-regression"
"auth-bypass-e7f3e4c0bd","HIGH","auth-bypass","Magic-link callback URL is built from attacker-controlled host data","src/app/api/auth/signin/route.ts",".deepsec/findings/HIGH/nabatableLP-auth-bypass-e7f3e4c0bd.md","SEC-001","Account takeover and auth-token exposure","Auth owner","Sprint 1","security-critical;account-takeover;secrets;needs-regression"
"cross-tenant-id-1fafa24754","HIGH","cross-tenant-id","Authenticated users can overwrite another restaurant's service periods","src/app/onboarding/services/page.tsx",".deepsec/findings/HIGH/nabatableLP-cross-tenant-id-1fafa24754.md","SEC-002","Service-role before tenant authorization","Platform/API owner","Sprint 1","security-critical;tenant-isolation;service-role;needs-regression"
"cross-tenant-id-47644130d4","HIGH","cross-tenant-id","Booking update helper permits restaurant_id reassignment by booking id only","server/bookings.ts",".deepsec/findings/HIGH/nabatableLP-cross-tenant-id-47644130d4.md","SEC-002","Service-role before tenant authorization","Platform/API owner","Sprint 1","security-critical;tenant-isolation;service-role;needs-regression"
"cross-tenant-id-6c4dfb380c","HIGH","cross-tenant-id","Any authenticated user can overwrite another restaurant's onboarding hours","src/app/api/onboarding/restaurant/[id]/hours/route.ts",".deepsec/findings/HIGH/nabatableLP-cross-tenant-id-6c4dfb380c.md","SEC-002","Service-role before tenant authorization","Platform/API owner","Sprint 1","security-critical;tenant-isolation;service-role;needs-regression"
"cross-tenant-id-7d36b133e1","HIGH","cross-tenant-id","Table inventory API can be queried for arbitrary restaurant IDs","src/app/app/(app)/settings/restaurant/tables/page.tsx",".deepsec/findings/HIGH/nabatableLP-cross-tenant-id-7d36b133e1.md","SEC-002","Service-role before tenant authorization","Platform/API owner","Sprint 1","security-critical;tenant-isolation;service-role;needs-regression"
"cross-tenant-id-882b4b5e34","HIGH","cross-tenant-id","Service-role onboarding caller can create zones in another tenant","server/ops/zones.ts",".deepsec/findings/HIGH/nabatableLP-cross-tenant-id-882b4b5e34.md","SEC-002","Service-role before tenant authorization","Platform/API owner","Sprint 1","security-critical;tenant-isolation;service-role;needs-regression"
"cross-tenant-id-938210ff3c","HIGH","cross-tenant-id","Authenticated users can create zones and tables for another restaurant","src/app/onboarding/tables/page.tsx",".deepsec/findings/HIGH/nabatableLP-cross-tenant-id-938210ff3c.md","SEC-002","Service-role before tenant authorization","Platform/API owner","Sprint 1","security-critical;tenant-isolation;service-role;needs-regression"
"cross-tenant-id-a6e1bcf9ce","HIGH","cross-tenant-id","Client-controlled restaurantId reaches onboarding service-role mutations without membership checks","src/components/features/onboarding/OnboardingWizard.tsx",".deepsec/findings/HIGH/nabatableLP-cross-tenant-id-a6e1bcf9ce.md","SEC-002","Service-role before tenant authorization","Platform/API owner","Sprint 1","security-critical;tenant-isolation;service-role;needs-regression"
"cross-tenant-id-a723c5f71f","HIGH","cross-tenant-id","Table assignment context is fetched from a service-role endpoint without route-handler authorization","src/components/features/dashboard/booking-details/components/TableAssignmentPanel.tsx",".deepsec/findings/HIGH/nabatableLP-cross-tenant-id-a723c5f71f.md","SEC-002","Service-role before tenant authorization","Platform/API owner","Sprint 1","security-critical;tenant-isolation;service-role;needs-regression"
"cross-tenant-id-a772574991","HIGH","cross-tenant-id","Assignment context can be read across restaurants","src/services/ops/bookings.ts",".deepsec/findings/HIGH/nabatableLP-cross-tenant-id-a772574991.md","SEC-002","Service-role before tenant authorization","Platform/API owner","Sprint 1","security-critical;tenant-isolation;service-role;needs-regression"
"cross-tenant-id-c1ac5007ab","HIGH","cross-tenant-id","Onboarding zone creation can write to any restaurant id","server/ops/zones.ts",".deepsec/findings/HIGH/nabatableLP-cross-tenant-id-c1ac5007ab.md","SEC-002","Service-role before tenant authorization","Platform/API owner","Sprint 1","security-critical;tenant-isolation;service-role;needs-regression"
"cross-tenant-id-c84f40e9d6","HIGH","cross-tenant-id","Tenant service client uses service role without enforcing tenant scope","server/supabase.ts",".deepsec/findings/HIGH/nabatableLP-cross-tenant-id-c84f40e9d6.md","SEC-002","Service-role before tenant authorization","Platform/API owner","Sprint 1","security-critical;tenant-isolation;service-role;needs-regression"
"cross-tenant-id-d23acb87c1","HIGH","cross-tenant-id","Service-role table creation can be reached without restaurant authorization","server/ops/tables.ts",".deepsec/findings/HIGH/nabatableLP-cross-tenant-id-d23acb87c1.md","SEC-002","Service-role before tenant authorization","Platform/API owner","Sprint 1","security-critical;tenant-isolation;service-role;needs-regression"
"cross-tenant-id-d4bc3a4248","HIGH","cross-tenant-id","Onboarding hours endpoint can overwrite any restaurant schedule through the service-role writer","server/restaurants/operatingHours.ts",".deepsec/findings/HIGH/nabatableLP-cross-tenant-id-d4bc3a4248.md","SEC-002","Service-role before tenant authorization","Platform/API owner","Sprint 1","security-critical;tenant-isolation;service-role;needs-regression"
"cross-tenant-id-d56ffbfa26","HIGH","cross-tenant-id","Onboarding hours can overwrite another restaurant's configuration","src/app/onboarding/hours/page.tsx",".deepsec/findings/HIGH/nabatableLP-cross-tenant-id-d56ffbfa26.md","SEC-002","Service-role before tenant authorization","Platform/API owner","Sprint 1","security-critical;tenant-isolation;service-role;needs-regression"
"cross-tenant-id-e2f30bba6c","HIGH","cross-tenant-id","Modification flow trusts caller-supplied restaurant_id under service role","server/bookings/modification-flow.ts",".deepsec/findings/HIGH/nabatableLP-cross-tenant-id-e2f30bba6c.md","SEC-002","Service-role before tenant authorization","Platform/API owner","Sprint 1","security-critical;tenant-isolation;service-role;needs-regression"
"cross-tenant-id-e7e28a0362","HIGH","cross-tenant-id","Modification flow trusts caller-supplied restaurant_id","server/bookings/modification-flow.ts",".deepsec/findings/HIGH/nabatableLP-cross-tenant-id-e7e28a0362.md","SEC-002","Service-role before tenant authorization","Platform/API owner","Sprint 1","security-critical;tenant-isolation;service-role;needs-regression"
"cross-tenant-id-e86ca30f2e","HIGH","cross-tenant-id","Authenticated users can create tables for any restaurant","src/app/api/onboarding/restaurant/[id]/tables/route.ts",".deepsec/findings/HIGH/nabatableLP-cross-tenant-id-e86ca30f2e.md","SEC-002","Service-role before tenant authorization","Platform/API owner","Sprint 1","security-critical;tenant-isolation;service-role;needs-regression"
"cross-tenant-id-f30d1a9f0e","HIGH","cross-tenant-id","Authenticated users can create zones for any restaurant","src/app/api/onboarding/restaurant/[id]/zones/route.ts",".deepsec/findings/HIGH/nabatableLP-cross-tenant-id-f30d1a9f0e.md","SEC-002","Service-role before tenant authorization","Platform/API owner","Sprint 1","security-critical;tenant-isolation;service-role;needs-regression"
"cross-tenant-id-f64724cb50","HIGH","cross-tenant-id","Onboarding restaurant update endpoints trust URL restaurant IDs with service-role writes","src/app/auth/signup/page.tsx",".deepsec/findings/HIGH/nabatableLP-cross-tenant-id-f64724cb50.md","SEC-002","Service-role before tenant authorization","Platform/API owner","Sprint 1","security-critical;tenant-isolation;service-role;needs-regression"
"cross-tenant-id-f6a116615d","HIGH","cross-tenant-id","Onboarding restaurant ID can be used for service-role cross-tenant writes","src/app/auth/signup/page.tsx",".deepsec/findings/HIGH/nabatableLP-cross-tenant-id-f6a116615d.md","SEC-002","Service-role before tenant authorization","Platform/API owner","Sprint 1","security-critical;tenant-isolation;service-role;needs-regression"
"env-exposure-4b0b809a7a","HIGH","env-exposure","Supabase service-role key is allowed in public env namespace","config/env.schema.ts",".deepsec/findings/HIGH/nabatableLP-env-exposure-4b0b809a7a.md","SEC-002","Service-role before tenant authorization","Platform/API owner","Sprint 1","security-critical;tenant-isolation;service-role;needs-regression"
"env-exposure-6b9595a086","HIGH","env-exposure","Environment validation allows a public Supabase service-role key","scripts/validate-env.ts",".deepsec/findings/HIGH/nabatableLP-env-exposure-6b9595a086.md","SEC-002","Service-role before tenant authorization","Platform/API owner","Sprint 1","security-critical;tenant-isolation;service-role;needs-regression"
"env-exposure-9ff41e246e","HIGH","env-exposure","Public env schema allows a Supabase service-role key","config/env.schema.ts",".deepsec/findings/HIGH/nabatableLP-env-exposure-9ff41e246e.md","SEC-002","Service-role before tenant authorization","Platform/API owner","Sprint 1","security-critical;tenant-isolation;service-role;needs-regression"
"missing-auth-3830991c9c","HIGH","missing-auth","Email cron processor fails open when CRON_SECRET is unset","src/app/api/cron/process-emails/route.ts",".deepsec/findings/HIGH/nabatableLP-missing-auth-3830991c9c.md","SEC-002","Service-role before tenant authorization","Platform/API owner","Sprint 1","security-critical;tenant-isolation;service-role;needs-regression"
"missing-auth-48685136d4","HIGH","missing-auth","Dual-sync refresh cron runs cross-tenant provider work when CRON_SECRET is unset","src/app/api/cron/dual-sync/refresh/route.ts",".deepsec/findings/HIGH/nabatableLP-missing-auth-48685136d4.md","SEC-002","Service-role before tenant authorization","Platform/API owner","Sprint 1","security-critical;tenant-isolation;service-role;needs-regression"
"missing-auth-86b961930f","HIGH","missing-auth","Legacy booking update path allows unauthenticated reservation mutation","src/app/api/bookings/[id]/route.ts",".deepsec/findings/HIGH/nabatableLP-missing-auth-86b961930f.md","SEC-001","Account takeover and auth-token exposure","Auth owner","Sprint 1","security-critical;account-takeover;secrets;needs-regression"
"missing-auth-89bfc4e37a","HIGH","missing-auth","Dual-sync refresh cron fails open and can be triggered publicly","src/app/api/cron/dual-sync/refresh/route.ts",".deepsec/findings/HIGH/nabatableLP-missing-auth-89bfc4e37a.md","SEC-002","Service-role before tenant authorization","Platform/API owner","Sprint 1","security-critical;tenant-isolation;service-role;needs-regression"
"missing-auth-948bd36448","HIGH","missing-auth","Auto-complete cron mutates bookings without auth when CRON_SECRET is unset","src/app/api/cron/auto-complete-bookings/route.ts",".deepsec/findings/HIGH/nabatableLP-missing-auth-948bd36448.md","SEC-002","Service-role before tenant authorization","Platform/API owner","Sprint 1","security-critical;tenant-isolation;service-role;needs-regression"
"missing-auth-9955fe5636","HIGH","missing-auth","Auto-complete cron job can run unauthenticated when CRON_SECRET is unset","server/jobs/auto-complete-bookings.ts",".deepsec/findings/HIGH/nabatableLP-missing-auth-9955fe5636.md","SEC-002","Service-role before tenant authorization","Platform/API owner","Sprint 1","security-critical;tenant-isolation;service-role;needs-regression"
"missing-auth-a79c0be9d9","HIGH","missing-auth","Service-role assignment context endpoint has no backend auth or restaurant authorization","src/app/api/ops/bookings/[id]/assignment-context/route.ts",".deepsec/findings/HIGH/nabatableLP-missing-auth-a79c0be9d9.md","SEC-002","Service-role before tenant authorization","Platform/API owner","Sprint 1","security-critical;tenant-isolation;service-role;needs-regression"
"missing-auth-bb10600fd9","HIGH","missing-auth","Unprotected cron POST can process arbitrary service-role email jobs","server/queue/email-processing.ts",".deepsec/findings/HIGH/nabatableLP-missing-auth-bb10600fd9.md","SEC-002","Service-role before tenant authorization","Platform/API owner","Sprint 1","security-critical;tenant-isolation;service-role;needs-regression"
"missing-auth-efa5655763","HIGH","missing-auth","Email processing cron fails open when CRON_SECRET is unset","src/app/api/cron/process-emails/route.ts",".deepsec/findings/HIGH/nabatableLP-missing-auth-efa5655763.md","SEC-002","Service-role before tenant authorization","Platform/API owner","Sprint 1","security-critical;tenant-isolation;service-role;needs-regression"
"missing-auth-f0d5dbdf83","HIGH","missing-auth","Cron auto-export runs unauthenticated when CRON_SECRET is unset","src/app/api/cron/dual-sync/auto-export/route.ts",".deepsec/findings/HIGH/nabatableLP-missing-auth-f0d5dbdf83.md","SEC-002","Service-role before tenant authorization","Platform/API owner","Sprint 1","security-critical;tenant-isolation;service-role;needs-regression"
"other-account-takeover-ab5966428f","HIGH","other-account-takeover","Invite acceptance can reset passwords for existing users","src/components/features/team/TeamInviteForm.tsx",".deepsec/findings/HIGH/nabatableLP-other-account-takeover-ab5966428f.md","SEC-001","Account takeover and auth-token exposure","Auth owner","Sprint 1","security-critical;account-takeover;secrets;needs-regression"
"other-cron-auth-fail-open-f53f641bce","HIGH","other-cron-auth-fail-open","Fail-open cron route exposes service-role booking completion","server/jobs/auto-complete-bookings.ts",".deepsec/findings/HIGH/nabatableLP-other-cron-auth-fail-open-f53f641bce.md","SEC-002","Service-role before tenant authorization","Platform/API owner","Sprint 1","security-critical;tenant-isolation;service-role;needs-regression"
"other-customer-record-takeover-0a7c7e0bcd","HIGH","other-customer-record-takeover","Unauthenticated booking input can overwrite an existing customer's phone and expose that customer's bookings","server/customers.ts",".deepsec/findings/HIGH/nabatableLP-other-customer-record-takeover-0a7c7e0bcd.md","SEC-002","Service-role before tenant authorization","Platform/API owner","Sprint 1","security-critical;tenant-isolation;service-role;needs-regression"
"other-host-header-injection-e01a5ac93b","HIGH","other-host-header-injection","Spoofable host headers can poison auth magic-link callback URLs","lib/auth/redirects.ts",".deepsec/findings/HIGH/nabatableLP-other-host-header-injection-e01a5ac93b.md","SEC-001","Account takeover and auth-token exposure","Auth owner","Sprint 1","security-critical;account-takeover;secrets;needs-regression"
"other-insecure-tls-73eafb271e","HIGH","other-insecure-tls","Production DB fallback disables TLS certificate verification","scripts/grant-production-restaurant-access.ts",".deepsec/findings/HIGH/nabatableLP-other-insecure-tls-73eafb271e.md","SEC-004","Production data scripts lack target safety","Data operations owner","Sprint 1","high-bug;service-role;data-integrity;needs-prod-config"
"other-magic-link-token-exfiltration-84f7156bcf","HIGH","other-magic-link-token-exfiltration","Magic-link callback origin is trusted without validation","server/auth/magic-link-email.ts",".deepsec/findings/HIGH/nabatableLP-other-magic-link-token-exfiltration-84f7156bcf.md","SEC-001","Account takeover and auth-token exposure","Auth owner","Sprint 1","security-critical;account-takeover;secrets;needs-regression"
"other-oauth-account-linking-csrf-ddf57f794c","HIGH","other-oauth-account-linking-csrf","OAuth callback is not bound to the initiating app session","src/app/api/ops/google-business-profile/callback/route.ts",".deepsec/findings/HIGH/nabatableLP-other-oauth-account-linking-csrf-ddf57f794c.md","SEC-002","Service-role before tenant authorization","Platform/API owner","Sprint 1","security-critical;tenant-isolation;service-role;needs-regression"
"other-partial-contact-takeover-0d006f29fe","HIGH","other-partial-contact-takeover","Partial contact matching can disclose existing bookings and poison customer records","src/app/api/bookings/route.ts",".deepsec/findings/HIGH/nabatableLP-other-partial-contact-takeover-0d006f29fe.md","SEC-001","Account takeover and auth-token exposure","Auth owner","Sprint 1","security-critical;account-takeover;secrets;needs-regression"
"other-tls-verification-disabled-a2e13b41ab","HIGH","other-tls-verification-disabled","Production database connection disables TLS verification","scripts/staging/import-prod-staff.ts",".deepsec/findings/HIGH/nabatableLP-other-tls-verification-disabled-a2e13b41ab.md","SEC-002","Service-role before tenant authorization","Platform/API owner","Sprint 1","security-critical;tenant-isolation;service-role;needs-regression"
"privilege-escalation-050562d2e8","HIGH","privilege-escalation","Invitation creation exposes bearer invite tokens to the inviter","server/team/invitations.ts",".deepsec/findings/HIGH/nabatableLP-privilege-escalation-050562d2e8.md","SEC-001","Account takeover and auth-token exposure","Auth owner","Sprint 1","security-critical;account-takeover;secrets;needs-regression"
"rce-12eab78a7b","HIGH","rce","Menu data file is executed in an unsafe Node VM with privileged env loaded","scripts/import-old-school-house-drinks-staging.ts",".deepsec/findings/HIGH/nabatableLP-rce-12eab78a7b.md","SEC-002","Service-role before tenant authorization","Platform/API owner","Sprint 1","security-critical;tenant-isolation;service-role;needs-regression"
"rce-27acc9da5e","HIGH","rce","Menu data file is executed as JavaScript with Supabase secrets loaded","scripts/import-old-school-house-drinks-staging.ts",".deepsec/findings/HIGH/nabatableLP-rce-27acc9da5e.md","SEC-004","Production data scripts lack target safety","Data operations owner","Sprint 1","high-bug;service-role;data-integrity;needs-prod-config"
"secret-in-log-7ce9758566","HIGH","secret-in-log","Auth callback logs magic-link token hashes and OAuth codes","src/app/api/auth/callback/route.ts",".deepsec/findings/HIGH/nabatableLP-secret-in-log-7ce9758566.md","SEC-001","Account takeover and auth-token exposure","Auth owner","Sprint 1","security-critical;account-takeover;secrets;needs-regression"
"xss-0d602712de","HIGH","xss","Stored restaurant fields can break out of the email preview script tag","src/services/ops/restaurants.ts",".deepsec/findings/HIGH/nabatableLP-xss-0d602712de.md","SEC-007","Stored/reflected XSS and output encoding","Frontend/platform owner","Sprint 2","xss;needs-regression"
"xss-14706e13d5","HIGH","xss","Stored unsafe URL can execute from the public map link","src/components/restaurants/PublicSections.tsx",".deepsec/findings/HIGH/nabatableLP-xss-14706e13d5.md","SEC-006","Generic URL validation and redirect policy gaps","Web/API owner","Sprint 2","xss;data-integrity;needs-regression"
"xss-1a5cc1a7fc","HIGH","xss","Email preview can execute template-controlled script","src/app/api/ops/restaurants/[id]/email-templates/[templateKey]/preview/route.ts",".deepsec/findings/HIGH/nabatableLP-xss-1a5cc1a7fc.md","SEC-007","Stored/reflected XSS and output encoding","Frontend/platform owner","Sprint 2","xss;needs-regression"
"xss-25cf91e948","HIGH","xss","Email template preview can execute same-origin script","src/app/app/(app)/email-templates/page.tsx",".deepsec/findings/HIGH/nabatableLP-xss-25cf91e948.md","SEC-007","Stored/reflected XSS and output encoding","Frontend/platform owner","Sprint 2","xss;needs-regression"
"xss-2f2fc14c6f","HIGH","xss","Stored unsafe URL can become a public JavaScript link","src/app/api/onboarding/restaurant/route.ts",".deepsec/findings/HIGH/nabatableLP-xss-2f2fc14c6f.md","SEC-006","Generic URL validation and redirect policy gaps","Web/API owner","Sprint 2","xss;data-integrity;needs-regression"
"xss-30418e6d71","HIGH","xss","JSON-LD annotation can break out into executable script","server/emails/base.ts",".deepsec/findings/HIGH/nabatableLP-xss-30418e6d71.md","SEC-006","Generic URL validation and redirect policy gaps","Web/API owner","Sprint 2","xss;data-integrity;needs-regression"
"xss-364c4c4a35","HIGH","xss","Template-controlled text can break out of the email preview JSON-LD script","lib/restaurants/email-templates.ts",".deepsec/findings/HIGH/nabatableLP-xss-364c4c4a35.md","SEC-007","Stored/reflected XSS and output encoding","Frontend/platform owner","Sprint 2","xss;needs-regression"
"xss-3830940ee5","HIGH","xss","Stored XSS through email template preview script break-out","lib/restaurants/email-templates.ts",".deepsec/findings/HIGH/nabatableLP-xss-3830940ee5.md","SEC-007","Stored/reflected XSS and output encoding","Frontend/platform owner","Sprint 2","xss;needs-regression"
"xss-42dee15618","HIGH","xss","Restaurant details update accepts executable public map URLs","server/restaurants/details.ts",".deepsec/findings/HIGH/nabatableLP-xss-42dee15618.md","SEC-006","Generic URL validation and redirect policy gaps","Web/API owner","Sprint 2","xss;data-integrity;needs-regression"
"xss-43e11adae7","HIGH","xss","Unsandboxed email preview can execute template-controlled HTML","src/components/features/email-templates/EmailTemplatesPreviewPane.tsx",".deepsec/findings/HIGH/nabatableLP-xss-43e11adae7.md","SEC-007","Stored/reflected XSS and output encoding","Frontend/platform owner","Sprint 2","xss;needs-regression"
"xss-4dc2cc33da","HIGH","xss","Stored XSS through email template JSON-LD preview","src/app/api/ops/restaurants/[id]/email-templates/[templateKey]/route.ts",".deepsec/findings/HIGH/nabatableLP-xss-4dc2cc33da.md","SEC-007","Stored/reflected XSS and output encoding","Frontend/platform owner","Sprint 2","xss;needs-regression"
"xss-5d00695647","HIGH","xss","Stored javascript: URL can execute from public restaurant links","src/components/features/restaurant-settings/RestaurantProfileSection.tsx",".deepsec/findings/HIGH/nabatableLP-xss-5d00695647.md","SEC-006","Generic URL validation and redirect policy gaps","Web/API owner","Sprint 2","xss;data-integrity;needs-regression"
"xss-7080cd2c4a","HIGH","xss","Email template fields can break out of the preview iframe via JSON-LD script injection","src/app/api/ops/restaurants/schema.ts",".deepsec/findings/HIGH/nabatableLP-xss-7080cd2c4a.md","SEC-007","Stored/reflected XSS and output encoding","Frontend/platform owner","Sprint 2","xss;needs-regression"
"xss-7678701b24","HIGH","xss","Restaurant update endpoint stores unsafe public link schemes","src/app/api/ops/restaurants/[id]/route.ts",".deepsec/findings/HIGH/nabatableLP-xss-7678701b24.md","SEC-006","Generic URL validation and redirect policy gaps","Web/API owner","Sprint 2","xss;data-integrity;needs-regression"
"xss-7a34565f5c","HIGH","xss","Profile URL fields allow script URLs that are rendered to public users","src/app/api/ops/restaurants/[id]/details/route.ts",".deepsec/findings/HIGH/nabatableLP-xss-7a34565f5c.md","SEC-006","Generic URL validation and redirect policy gaps","Web/API owner","Sprint 2","xss;data-integrity;needs-regression"
"xss-8a99f2aecf","HIGH","xss","Unsafe URL schemes can be persisted into public map links","server/restaurants/details.ts",".deepsec/findings/HIGH/nabatableLP-xss-8a99f2aecf.md","SEC-006","Generic URL validation and redirect policy gaps","Web/API owner","Sprint 2","xss;data-integrity;needs-regression"
"xss-8b2935fc4f","HIGH","xss","Unsafe JSON serialization inside email annotation script","server/emails/base.ts",".deepsec/findings/HIGH/nabatableLP-xss-8b2935fc4f.md","SEC-007","Stored/reflected XSS and output encoding","Frontend/platform owner","Sprint 2","xss;needs-regression"
"xss-91d94fcdd6","HIGH","xss","Stored javascript: URL can reach public restaurant map links","src/app/api/restaurants/[slug]/route.ts",".deepsec/findings/HIGH/nabatableLP-xss-91d94fcdd6.md","SEC-006","Generic URL validation and redirect policy gaps","Web/API owner","Sprint 2","xss;data-integrity;needs-regression"
"xss-9a4e99d22d","HIGH","xss","Stored email template copy can break out of inline JSON-LD script","server/restaurants/emailTemplates.ts",".deepsec/findings/HIGH/nabatableLP-xss-9a4e99d22d.md","SEC-007","Stored/reflected XSS and output encoding","Frontend/platform owner","Sprint 2","xss;needs-regression"
"xss-a061935b09","HIGH","xss","Restaurant profile update stores unsafe URL schemes used as public links","src/app/api/ops/restaurants/[id]/route.ts",".deepsec/findings/HIGH/nabatableLP-xss-a061935b09.md","SEC-006","Generic URL validation and redirect policy gaps","Web/API owner","Sprint 2","xss;data-integrity;needs-regression"
"xss-a6bc0c0d12","HIGH","xss","Restaurant profile form persists unsafe external-link schemes","components/ops/restaurants/RestaurantDetailsForm.tsx",".deepsec/findings/HIGH/nabatableLP-xss-a6bc0c0d12.md","SEC-006","Generic URL validation and redirect policy gaps","Web/API owner","Sprint 2","xss;data-integrity;needs-regression"
"xss-aca02b85c3","HIGH","xss","Email preview HTML can execute script through unsafe JSON-LD serialization","src/app/api/ops/restaurants/[id]/email-templates/[templateKey]/preview/route.ts",".deepsec/findings/HIGH/nabatableLP-xss-aca02b85c3.md","SEC-007","Stored/reflected XSS and output encoding","Frontend/platform owner","Sprint 2","xss;needs-regression"
"xss-accc3c95c4","HIGH","xss","Restaurant update persists unsafe URL schemes used by public pages","server/restaurants/update.ts",".deepsec/findings/HIGH/nabatableLP-xss-accc3c95c4.md","SEC-006","Generic URL validation and redirect policy gaps","Web/API owner","Sprint 2","xss;data-integrity;needs-regression"
"xss-b6974c3250","HIGH","xss","Stored URL fields allow javascript: and data: schemes","src/app/api/ops/restaurants/schema.ts",".deepsec/findings/HIGH/nabatableLP-xss-b6974c3250.md","SEC-006","Generic URL validation and redirect policy gaps","Web/API owner","Sprint 2","xss;data-integrity;needs-regression"
"xss-bf228a6a73","HIGH","xss","Email template preview can execute saved template content as same-origin script","src/hooks/ops/useOpsEmailTemplatesPageState.ts",".deepsec/findings/HIGH/nabatableLP-xss-bf228a6a73.md","SEC-007","Stored/reflected XSS and output encoding","Frontend/platform owner","Sprint 2","xss;needs-regression"
"xss-bff23ad95e","HIGH","xss","Unsandboxed email preview can execute template-controlled script","src/components/features/email-templates/EmailTemplatesPreviewPane.tsx",".deepsec/findings/HIGH/nabatableLP-xss-bff23ad95e.md","SEC-007","Stored/reflected XSS and output encoding","Frontend/platform owner","Sprint 2","xss;needs-regression"
"xss-c12f64af56","HIGH","xss","Restaurant creation can seed unsafe public map URLs","server/restaurants/create.ts",".deepsec/findings/HIGH/nabatableLP-xss-c12f64af56.md","SEC-004","Production data scripts lack target safety","Data operations owner","Sprint 1","high-bug;service-role;data-integrity;needs-prod-config"
"xss-ceb9998938","HIGH","xss","Restaurant creation can seed public pages with unsafe map URLs","server/restaurants/create.ts",".deepsec/findings/HIGH/nabatableLP-xss-ceb9998938.md","SEC-004","Production data scripts lack target safety","Data operations owner","Sprint 1","high-bug;service-role;data-integrity;needs-prod-config"
"xss-cf65ee1e2d","HIGH","xss","Stored XSS through custom email template fields in ops preview","server/restaurants/emailTemplates.ts",".deepsec/findings/HIGH/nabatableLP-xss-cf65ee1e2d.md","SEC-007","Stored/reflected XSS and output encoding","Frontend/platform owner","Sprint 2","xss;needs-regression"
"xss-d25ac1985c","HIGH","xss","Restaurant profile fields can seed stored XSS in email previews","src/components/features/restaurant-settings/RestaurantProfileSection.tsx",".deepsec/findings/HIGH/nabatableLP-xss-d25ac1985c.md","SEC-004","Production data scripts lack target safety","Data operations owner","Sprint 1","high-bug;service-role;data-integrity;needs-prod-config"
"xss-d78fff182f","HIGH","xss","Unsafe URL schemes can be emitted in booking email CTA links","server/emails/bookings.ts",".deepsec/findings/HIGH/nabatableLP-xss-d78fff182f.md","SEC-006","Generic URL validation and redirect policy gaps","Web/API owner","Sprint 2","xss;data-integrity;needs-regression"
"xss-df7a985809","HIGH","xss","Stored JavaScript URL can be rendered as the public map link","src/components/restaurants/PublicSections.tsx",".deepsec/findings/HIGH/nabatableLP-xss-df7a985809.md","SEC-006","Generic URL validation and redirect policy gaps","Web/API owner","Sprint 2","xss;data-integrity;needs-regression"
"xss-e35517de93","HIGH","xss","Restaurant update path persists javascript: map/review URLs","server/restaurants/update.ts",".deepsec/findings/HIGH/nabatableLP-xss-e35517de93.md","SEC-006","Generic URL validation and redirect policy gaps","Web/API owner","Sprint 2","xss;data-integrity;needs-regression"
"xss-f796aa5469","HIGH","xss","Stored email-template copy can execute script in the ops preview iframe","src/hooks/ops/useOpsEmailTemplatesPageState.ts",".deepsec/findings/HIGH/nabatableLP-xss-f796aa5469.md","SEC-007","Stored/reflected XSS and output encoding","Frontend/platform owner","Sprint 2","xss;needs-regression"
"xss-f8176f5732","HIGH","xss","URL validation accepts javascript and data schemes","components/ops/restaurants/restaurantDetailsFormModel.ts",".deepsec/findings/HIGH/nabatableLP-xss-f8176f5732.md","SEC-006","Generic URL validation and redirect policy gaps","Web/API owner","Sprint 2","xss;data-integrity;needs-regression"
"xss-fd8a7d7938","HIGH","xss","Email template preview allows script breakout into same-origin iframe","src/app/api/ops/restaurants/schema.ts",".deepsec/findings/HIGH/nabatableLP-xss-fd8a7d7938.md","SEC-007","Stored/reflected XSS and output encoding","Frontend/platform owner","Sprint 2","xss;needs-regression"
"other-atomicity-bug-53d1248c06","HIGH_BUG","other-atomicity-bug","Replacing turn bands can wipe settings on partial failure","src/app/api/ops/restaurants/[id]/turn-bands/route.ts",".deepsec/findings/HIGH_BUG/nabatableLP-other-atomicity-bug-53d1248c06.md","SEC-010","Data integrity, races, and idempotency","Domain workflow owner","Sprint 3","data-integrity;high-bug;needs-regression"
"other-availability-dos-18d80b1219","HIGH_BUG","other-availability-dos","Quoted holds can last until the booking window ends","server/capacity/table-assignment/quote.ts",".deepsec/findings/HIGH_BUG/nabatableLP-other-availability-dos-18d80b1219.md","SEC-008","Secrets in logs, generated artifacts, or config","Infra/security owner","Sprint 2","secrets;needs-prod-config;needs-regression"
"other-availability-dos-276f8a1387","HIGH_BUG","other-availability-dos","Quoted table holds expire at reservation end instead of TTL","server/capacity/table-assignment/quote.ts",".deepsec/findings/HIGH_BUG/nabatableLP-other-availability-dos-276f8a1387.md","SEC-008","Secrets in logs, generated artifacts, or config","Infra/security owner","Sprint 2","secrets;needs-prod-config;needs-regression"
"other-broad-production-mutation-fa09e2cb5b","HIGH_BUG","other-broad-production-mutation","Apply mode globally enables review emails outside the filtered backfill","scripts/backfill-review-emails.ts",".deepsec/findings/HIGH_BUG/nabatableLP-other-broad-production-mutation-fa09e2cb5b.md","SEC-002","Service-role before tenant authorization","Platform/API owner","Sprint 1","security-critical;tenant-isolation;service-role;needs-regression"
"other-capacity-bypass-88f2d78b8c","HIGH_BUG","other-capacity-bypass","Default ops create path bypasses capacity enforcement","src/app/api/ops/bookings/route.ts",".deepsec/findings/HIGH_BUG/nabatableLP-other-capacity-bypass-88f2d78b8c.md","SEC-012","Security-adjacent correctness backlog","Feature owner","Sprint 4","high-bug;needs-regression"
"other-cleanup-race-2c41769e92","HIGH_BUG","other-cleanup-race","Failed clone can delete a restaurant it did not create","scripts/clone-restaurant-config.ts",".deepsec/findings/HIGH_BUG/nabatableLP-other-cleanup-race-2c41769e92.md","SEC-010","Data integrity, races, and idempotency","Domain workflow owner","Sprint 3","data-integrity;high-bug;needs-regression"
"other-config-corruption-75ba4ed049","HIGH_BUG","other-config-corruption","Cloning changes null mobility tables into fixed tables","scripts/clone-restaurant-config.ts",".deepsec/findings/HIGH_BUG/nabatableLP-other-config-corruption-75ba4ed049.md","SEC-012","Security-adjacent correctness backlog","Feature owner","Sprint 4","high-bug;needs-regression"
"other-config-corruption-f81322023b","HIGH_BUG","other-config-corruption","Tripled tables can be inserted as fixed and lose adjacency","scripts/triple-old-school-house-production-tables.ts",".deepsec/findings/HIGH_BUG/nabatableLP-other-config-corruption-f81322023b.md","SEC-004","Production data scripts lack target safety","Data operations owner","Sprint 1","high-bug;service-role;data-integrity;needs-prod-config"
"other-cross-project-write-guard-40eb519eb0","HIGH_BUG","other-cross-project-write-guard","Staging importer can write to the wrong Supabase project","scripts/import-old-school-house-drinks-staging.ts",".deepsec/findings/HIGH_BUG/nabatableLP-other-cross-project-write-guard-40eb519eb0.md","SEC-002","Service-role before tenant authorization","Platform/API owner","Sprint 1","security-critical;tenant-isolation;service-role;needs-regression"
"other-data-integrity-4d304838c1","HIGH_BUG","other-data-integrity","Fallback assignment sync ignores Supabase write errors","server/capacity/table-assignment/assignment-sync.ts",".deepsec/findings/HIGH_BUG/nabatableLP-other-data-integrity-4d304838c1.md","SEC-010","Data integrity, races, and idempotency","Domain workflow owner","Sprint 3","data-integrity;high-bug;needs-regression"
"other-data-loss-176373198d","HIGH_BUG","other-data-loss","Optional serviceItems fetch failure is treated as an empty result","server/google-business-profile/client.ts",".deepsec/findings/HIGH_BUG/nabatableLP-other-data-loss-176373198d.md","SEC-010","Data integrity, races, and idempotency","Domain workflow owner","Sprint 3","data-integrity;high-bug;needs-regression"
"other-data-loss-1bfee2d0bc","HIGH_BUG","other-data-loss","Revoke permanently deletes invite records and breaks the client response contract","src/components/features/team/TeamInvitesTable.tsx",".deepsec/findings/HIGH_BUG/nabatableLP-other-data-loss-1bfee2d0bc.md","SEC-001","Account takeover and auth-token exposure","Auth owner","Sprint 1","security-critical;account-takeover;secrets;needs-regression"
"other-data-loss-3b71a626bc","HIGH_BUG","other-data-loss","Availability save path depends on non-atomic replace operations","src/components/features/restaurant-settings/AvailabilityOccasionsCommandCenter.tsx",".deepsec/findings/HIGH_BUG/nabatableLP-other-data-loss-3b71a626bc.md","SEC-010","Data integrity, races, and idempotency","Domain workflow owner","Sprint 3","data-integrity;high-bug;needs-regression"
"other-data-loss-7e01b678a5","HIGH_BUG","other-data-loss","Operating-hours replacement can erase the schedule on insert failure","src/app/api/ops/restaurants/[id]/hours/route.ts",".deepsec/findings/HIGH_BUG/nabatableLP-other-data-loss-7e01b678a5.md","SEC-010","Data integrity, races, and idempotency","Domain workflow owner","Sprint 3","data-integrity;high-bug;needs-regression"
"other-data-loss-ba0cad93fd","HIGH_BUG","other-data-loss","Invitation revoke route hard-deletes invite records","src/app/api/ops/team/invitations/[id]/route.ts",".deepsec/findings/HIGH_BUG/nabatableLP-other-data-loss-ba0cad93fd.md","SEC-001","Account takeover and auth-token exposure","Auth owner","Sprint 1","security-critical;account-takeover;secrets;needs-regression"
"other-data-loss-c9c6b95c3c","HIGH_BUG","other-data-loss","Business-context saves can delete existing rows before a failing insert","src/components/features/restaurant-settings/RestaurantBusinessContextSection.tsx",".deepsec/findings/HIGH_BUG/nabatableLP-other-data-loss-c9c6b95c3c.md","SEC-010","Data integrity, races, and idempotency","Domain workflow owner","Sprint 3","data-integrity;high-bug;needs-regression"
"other-data-loss-d65830ef28","HIGH_BUG","other-data-loss","GBP service items are deleted when the optional upstream segment is absent","server/google-business-profile/business-info.ts",".deepsec/findings/HIGH_BUG/nabatableLP-other-data-loss-d65830ef28.md","SEC-010","Data integrity, races, and idempotency","Domain workflow owner","Sprint 3","data-integrity;high-bug;needs-regression"
"other-data-loss-d9d414eedc","HIGH_BUG","other-data-loss","Table deletion misses same-day assignments and races with new assignments","src/app/api/ops/tables/[id]/route.ts",".deepsec/findings/HIGH_BUG/nabatableLP-other-data-loss-d9d414eedc.md","SEC-010","Data integrity, races, and idempotency","Domain workflow owner","Sprint 3","data-integrity;high-bug;needs-regression"
"other-drift-check-bypass-32c9f372ef","HIGH_BUG","other-drift-check-bypass","Null pinned hashes disable drift checks for fields that were absent","server/dual-sync/publish/orchestrator.ts",".deepsec/findings/HIGH_BUG/nabatableLP-other-drift-check-bypass-32c9f372ef.md","SEC-003","Cron and job routes fail open","Jobs/infra owner","Sprint 1","security-critical;cron-auth;service-role;needs-prod-config"
"other-drift-check-bypass-554eac93f7","HIGH_BUG","other-drift-check-bypass","Auto-export can write stale Google data before drift checks run","src/app/api/ops/restaurants/[id]/dual-sync/auto-export/route.ts",".deepsec/findings/HIGH_BUG/nabatableLP-other-drift-check-bypass-554eac93f7.md","SEC-011","Schema, migration, and contract drift","Data/platform owner","Sprint 3","data-integrity;needs-migration;needs-regression"
"other-drift-check-bypass-58785e0119","HIGH_BUG","other-drift-check-bypass","Batched profile exports can mutate Google before drift checks run","server/dual-sync/publish/ports/profile-export.ts",".deepsec/findings/HIGH_BUG/nabatableLP-other-drift-check-bypass-58785e0119.md","SEC-011","Schema, migration, and contract drift","Data/platform owner","Sprint 3","data-integrity;needs-migration;needs-regression"
"other-drift-check-bypass-9eb201e32f","HIGH_BUG","other-drift-check-bypass","Batch export ports mutate Google before drift validation and audit rows","server/dual-sync/publish/orchestrator.ts",".deepsec/findings/HIGH_BUG/nabatableLP-other-drift-check-bypass-9eb201e32f.md","SEC-011","Schema, migration, and contract drift","Data/platform owner","Sprint 3","data-integrity;needs-migration;needs-regression"
"other-drift-check-bypass-b03b7bd3ef","HIGH_BUG","other-drift-check-bypass","Publish drift protection can be bypassed before Google writes","src/app/api/ops/restaurants/[id]/dual-sync/publish/route.ts",".deepsec/findings/HIGH_BUG/nabatableLP-other-drift-check-bypass-b03b7bd3ef.md","SEC-011","Schema, migration, and contract drift","Data/platform owner","Sprint 3","data-integrity;needs-migration;needs-regression"
"other-drift-check-bypass-c20efcd36e","HIGH_BUG","other-drift-check-bypass","Batch exports run before pinned-hash drift checks and audit rows","server/dual-sync/publish/orchestrator.ts",".deepsec/findings/HIGH_BUG/nabatableLP-other-drift-check-bypass-c20efcd36e.md","SEC-011","Schema, migration, and contract drift","Data/platform owner","Sprint 3","data-integrity;needs-migration;needs-regression"
"other-drift-check-bypass-d61b46d69a","HIGH_BUG","other-drift-check-bypass","Batch profile exports execute before drift checks and audit row creation","server/dual-sync/publish/ports/profile-export.ts",".deepsec/findings/HIGH_BUG/nabatableLP-other-drift-check-bypass-d61b46d69a.md","SEC-011","Schema, migration, and contract drift","Data/platform owner","Sprint 3","data-integrity;needs-migration;needs-regression"
"other-dry-run-mutation-5d7699f1e0","HIGH_BUG","other-dry-run-mutation","Dry run can create production auth users","scripts/grant-production-restaurant-access.ts",".deepsec/findings/HIGH_BUG/nabatableLP-other-dry-run-mutation-5d7699f1e0.md","SEC-002","Service-role before tenant authorization","Platform/API owner","Sprint 1","security-critical;tenant-isolation;service-role;needs-regression"
"other-dry-run-side-effect-7e13734426","HIGH_BUG","other-dry-run-side-effect","Dry run can create a confirmed production auth user","scripts/grant-production-restaurant-access.ts",".deepsec/findings/HIGH_BUG/nabatableLP-other-dry-run-side-effect-7e13734426.md","SEC-002","Service-role before tenant authorization","Platform/API owner","Sprint 1","security-critical;tenant-isolation;service-role;needs-regression"
"other-duplicate-email-backfill-a1e81c0ac5","HIGH_BUG","other-duplicate-email-backfill","Review backfill can requeue already-sent review emails","scripts/queues/backfill-review-request-jobs.ts",".deepsec/findings/HIGH_BUG/nabatableLP-other-duplicate-email-backfill-a1e81c0ac5.md","SEC-003","Cron and job routes fail open","Jobs/infra owner","Sprint 1","security-critical;cron-auth;service-role;needs-prod-config"
"other-email-queue-disabled-by-default-5cc1b24102","HIGH_BUG","other-email-queue-disabled-by-default","Durable email queue defaults off despite fail-safe comment","server/feature-flags.ts",".deepsec/findings/HIGH_BUG/nabatableLP-other-email-queue-disabled-by-default-5cc1b24102.md","SEC-003","Cron and job routes fail open","Jobs/infra owner","Sprint 1","security-critical;cron-auth;service-role;needs-prod-config"
"other-env-scope-confusion-b49cdca7cf","HIGH_BUG","other-env-scope-confusion","Feature flag overrides are scoped by NODE_ENV instead of APP_ENV","server/feature-flags-overrides.ts",".deepsec/findings/HIGH_BUG/nabatableLP-other-env-scope-confusion-b49cdca7cf.md","SEC-004","Production data scripts lack target safety","Data operations owner","Sprint 1","high-bug;service-role;data-integrity;needs-prod-config"
"other-fail-open-5661b2f7f6","HIGH_BUG","other-fail-open","Context booking lookup fails open to no conflicts","server/capacity/table-assignment/supabase.ts",".deepsec/findings/HIGH_BUG/nabatableLP-other-fail-open-5661b2f7f6.md","SEC-011","Schema, migration, and contract drift","Data/platform owner","Sprint 3","data-integrity;needs-migration;needs-regression"
"other-invitation-revoke-data-loss-5d60354bf9","HIGH_BUG","other-invitation-revoke-data-loss","Invitation revoke endpoint hard-deletes rows and returns the wrong response shape","src/app/api/ops/team/invitations/[id]/route.ts",".deepsec/findings/HIGH_BUG/nabatableLP-other-invitation-revoke-data-loss-5d60354bf9.md","SEC-001","Account takeover and auth-token exposure","Auth owner","Sprint 1","security-critical;account-takeover;secrets;needs-regression"
"other-logic-bug-9adfc0dfdb","HIGH_BUG","other-logic-bug","Stable JSON hashing drops nested object content","server/capacity/v2/utils.ts",".deepsec/findings/HIGH_BUG/nabatableLP-other-logic-bug-9adfc0dfdb.md","SEC-010","Data integrity, races, and idempotency","Domain workflow owner","Sprint 3","data-integrity;high-bug;needs-regression"
"other-logic-bug-a75f6be113","HIGH_BUG","other-logic-bug","Confirmation endpoint rejects application-generated tokens","src/app/api/bookings/confirm/route.ts",".deepsec/findings/HIGH_BUG/nabatableLP-other-logic-bug-a75f6be113.md","SEC-006","Generic URL validation and redirect policy gaps","Web/API owner","Sprint 2","xss;data-integrity;needs-regression"
"other-logic-bug-aa0a696756","HIGH_BUG","other-logic-bug","Hash canonicalization drops nested policy and snapshot fields","server/capacity/v2/utils.ts",".deepsec/findings/HIGH_BUG/nabatableLP-other-logic-bug-aa0a696756.md","SEC-010","Data integrity, races, and idempotency","Domain workflow owner","Sprint 3","data-integrity;high-bug;needs-regression"
"other-logic-bug-e1f5bed157","HIGH_BUG","other-logic-bug","Combination planner skips valid table combinations","server/capacity/selector.ts",".deepsec/findings/HIGH_BUG/nabatableLP-other-logic-bug-e1f5bed157.md","SEC-004","Production data scripts lack target safety","Data operations owner","Sprint 1","high-bug;service-role;data-integrity;needs-prod-config"
"other-lost-update-10e99761f8","HIGH_BUG","other-lost-update","Partial details updates can overwrite concurrent changes with stale values","server/restaurants/details.ts",".deepsec/findings/HIGH_BUG/nabatableLP-other-lost-update-10e99761f8.md","SEC-011","Schema, migration, and contract drift","Data/platform owner","Sprint 3","data-integrity;needs-migration;needs-regression"
"other-missing-production-guard-9b9556133b","HIGH_BUG","other-missing-production-guard","Staging import can write to any configured Supabase project with only APPLY=true","scripts/import-old-school-house-menu-staging.ts",".deepsec/findings/HIGH_BUG/nabatableLP-other-missing-production-guard-9b9556133b.md","SEC-002","Service-role before tenant authorization","Platform/API owner","Sprint 1","security-critical;tenant-isolation;service-role;needs-regression"
"other-non-atomic-delete-reinsert-deaf7cad15","HIGH_BUG","other-non-atomic-delete-reinsert","Service period updates can lose data on partial failure or cascades","server/restaurants/servicePeriods.ts",".deepsec/findings/HIGH_BUG/nabatableLP-other-non-atomic-delete-reinsert-deaf7cad15.md","SEC-010","Data integrity, races, and idempotency","Domain workflow owner","Sprint 3","data-integrity;high-bug;needs-regression"
"other-non-atomic-destructive-purge-ea7bb114e3","HIGH_BUG","other-non-atomic-destructive-purge","Destructive purge is not atomic and can leave bookings partially deleted","scripts/purge-restaurant-bookings.ts",".deepsec/findings/HIGH_BUG/nabatableLP-other-non-atomic-destructive-purge-ea7bb114e3.md","SEC-004","Production data scripts lack target safety","Data operations owner","Sprint 1","high-bug;service-role;data-integrity;needs-prod-config"
"other-non-atomic-destructive-update-d2a899189f","HIGH_BUG","other-non-atomic-destructive-update","Production table configuration is deleted before replacement without a transaction","scripts/update-railway-zones-tables.ts",".deepsec/findings/HIGH_BUG/nabatableLP-other-non-atomic-destructive-update-d2a899189f.md","SEC-004","Production data scripts lack target safety","Data operations owner","Sprint 1","high-bug;service-role;data-integrity;needs-prod-config"
"other-non-atomic-replace-0ef80ce315","HIGH_BUG","other-non-atomic-replace","Business-context replacement deletes existing rows before replacement rows are known to be insertable","server/restaurants/businessContext.ts",".deepsec/findings/HIGH_BUG/nabatableLP-other-non-atomic-replace-0ef80ce315.md","SEC-010","Data integrity, races, and idempotency","Domain workflow owner","Sprint 3","data-integrity;high-bug;needs-regression"
"other-non-atomic-replace-415b1ecac6","HIGH_BUG","other-non-atomic-replace","Service-period replacement can delete all periods on insert failure","src/app/api/ops/restaurants/[id]/service-periods/route.ts",".deepsec/findings/HIGH_BUG/nabatableLP-other-non-atomic-replace-415b1ecac6.md","SEC-010","Data integrity, races, and idempotency","Domain workflow owner","Sprint 3","data-integrity;high-bug;needs-regression"
"other-non-atomic-replace-635e77f422","HIGH_BUG","other-non-atomic-replace","Operating-hours replacement can leave a restaurant with no schedule on insert failure","server/restaurants/operatingHours.ts",".deepsec/findings/HIGH_BUG/nabatableLP-other-non-atomic-replace-635e77f422.md","SEC-010","Data integrity, races, and idempotency","Domain workflow owner","Sprint 3","data-integrity;high-bug;needs-regression"
"other-non-atomic-replace-64a07f6682","HIGH_BUG","other-non-atomic-replace","Canonical GBP row replacement is not transactional","server/google-business-profile/business-info.ts",".deepsec/findings/HIGH_BUG/nabatableLP-other-non-atomic-replace-64a07f6682.md","SEC-010","Data integrity, races, and idempotency","Domain workflow owner","Sprint 3","data-integrity;high-bug;needs-regression"
"other-non-atomic-replace-80921ab96e","HIGH_BUG","other-non-atomic-replace","Delete-then-insert service period replacement can permanently erase schedules","server/restaurants/servicePeriods.ts",".deepsec/findings/HIGH_BUG/nabatableLP-other-non-atomic-replace-80921ab96e.md","SEC-010","Data integrity, races, and idempotency","Domain workflow owner","Sprint 3","data-integrity;high-bug;needs-regression"
"other-non-atomic-replace-8863e80ef9","HIGH_BUG","other-non-atomic-replace","Malformed row IDs can erase existing business-context rows","src/app/api/ops/restaurants/[id]/business-context/route.ts",".deepsec/findings/HIGH_BUG/nabatableLP-other-non-atomic-replace-8863e80ef9.md","SEC-010","Data integrity, races, and idempotency","Domain workflow owner","Sprint 3","data-integrity;high-bug;needs-regression"
"other-non-atomic-replace-ad89e28876","HIGH_BUG","other-non-atomic-replace","Failed business-context writes can delete existing profile data","src/app/api/ops/restaurants/[id]/business-context/route.ts",".deepsec/findings/HIGH_BUG/nabatableLP-other-non-atomic-replace-ad89e28876.md","SEC-010","Data integrity, races, and idempotency","Domain workflow owner","Sprint 3","data-integrity;high-bug;needs-regression"
"other-non-atomic-replace-ba3f3990e6","HIGH_BUG","other-non-atomic-replace","Business-context imports can wipe or lose section rows on failed or concurrent writes","server/dual-sync/publish/ports/business-context-import.ts",".deepsec/findings/HIGH_BUG/nabatableLP-other-non-atomic-replace-ba3f3990e6.md","SEC-003","Cron and job routes fail open","Jobs/infra owner","Sprint 1","security-critical;cron-auth;service-role;needs-prod-config"
"other-non-atomic-replace-d444b0f0b4","HIGH_BUG","other-non-atomic-replace","Operating-hours import can delete the full schedule before a failed insert","server/dual-sync/publish/ports/operating-hours-import.ts",".deepsec/findings/HIGH_BUG/nabatableLP-other-non-atomic-replace-d444b0f0b4.md","SEC-003","Cron and job routes fail open","Jobs/infra owner","Sprint 1","security-critical;cron-auth;service-role;needs-prod-config"
"other-non-atomic-replace-fa6e2ae4f3","HIGH_BUG","other-non-atomic-replace","Operating-hours update can erase the schedule if the replacement insert fails","src/app/api/ops/restaurants/[id]/hours/route.ts",".deepsec/findings/HIGH_BUG/nabatableLP-other-non-atomic-replace-fa6e2ae4f3.md","SEC-010","Data integrity, races, and idempotency","Domain workflow owner","Sprint 3","data-integrity;high-bug;needs-regression"
"other-non-atomic-state-change-917a8f673a","HIGH_BUG","other-non-atomic-state-change","Booking update and assignment clearing are not atomic","server/bookings/modification-flow.ts",".deepsec/findings/HIGH_BUG/nabatableLP-other-non-atomic-state-change-917a8f673a.md","SEC-010","Data integrity, races, and idempotency","Domain workflow owner","Sprint 3","data-integrity;high-bug;needs-regression"
"other-non-atomic-state-mutation-2f71136694","HIGH_BUG","other-non-atomic-state-mutation","Booking writes and customer profile counters are non-atomic","server/bookings.ts",".deepsec/findings/HIGH_BUG/nabatableLP-other-non-atomic-state-mutation-2f71136694.md","SEC-010","Data integrity, races, and idempotency","Domain workflow owner","Sprint 3","data-integrity;high-bug;needs-regression"
"other-non-atomic-state-mutation-ab0f0d0b9d","HIGH_BUG","other-non-atomic-state-mutation","Booking mutations commit before profile updates that can still fail the request","server/bookings.ts",".deepsec/findings/HIGH_BUG/nabatableLP-other-non-atomic-state-mutation-ab0f0d0b9d.md","SEC-010","Data integrity, races, and idempotency","Domain workflow owner","Sprint 3","data-integrity;high-bug;needs-regression"
"other-non-atomic-write-309e47bc11","HIGH_BUG","other-non-atomic-write","Restaurant and owner membership creation are not atomic","server/restaurants/create.ts",".deepsec/findings/HIGH_BUG/nabatableLP-other-non-atomic-write-309e47bc11.md","SEC-002","Service-role before tenant authorization","Platform/API owner","Sprint 1","security-critical;tenant-isolation;service-role;needs-regression"
"other-non-atomic-write-bd2e4a47b2","HIGH_BUG","other-non-atomic-write","Business-context replacement deletes existing rows before successful insert","server/restaurants/businessContext.ts",".deepsec/findings/HIGH_BUG/nabatableLP-other-non-atomic-write-bd2e4a47b2.md","SEC-002","Service-role before tenant authorization","Platform/API owner","Sprint 1","security-critical;tenant-isolation;service-role;needs-regression"
"other-non-atomic-write-c6b49b2db4","HIGH_BUG","other-non-atomic-write","Operating-hours replacement can leave a restaurant with no schedule","server/restaurants/operatingHours.ts",".deepsec/findings/HIGH_BUG/nabatableLP-other-non-atomic-write-c6b49b2db4.md","SEC-003","Cron and job routes fail open","Jobs/infra owner","Sprint 1","security-critical;cron-auth;service-role;needs-prod-config"
"other-prod-safety-bypass-1d73af3b09","HIGH_BUG","other-prod-safety-bypass","Staging bootstrap can grant all-restaurant access to production","scripts/staging/bootstrap-owner.ts",".deepsec/findings/HIGH_BUG/nabatableLP-other-prod-safety-bypass-1d73af3b09.md","SEC-002","Service-role before tenant authorization","Platform/API owner","Sprint 1","security-critical;tenant-isolation;service-role;needs-regression"
"other-prod-safety-bypass-1edd0ce7bd","HIGH_BUG","other-prod-safety-bypass","Seed script can write the performance dataset to the wrong database","scripts/staging/seed-perf-dataset.ts",".deepsec/findings/HIGH_BUG/nabatableLP-other-prod-safety-bypass-1edd0ce7bd.md","SEC-002","Service-role before tenant authorization","Platform/API owner","Sprint 1","security-critical;tenant-isolation;service-role;needs-regression"
"other-prod-safety-bypass-5b3b1fdef7","HIGH_BUG","other-prod-safety-bypass","Import script can reset production staff passwords if staging env points at production","scripts/staging/import-prod-staff.ts",".deepsec/findings/HIGH_BUG/nabatableLP-other-prod-safety-bypass-5b3b1fdef7.md","SEC-002","Service-role before tenant authorization","Platform/API owner","Sprint 1","security-critical;tenant-isolation;service-role;needs-regression"
"other-production-auth-reset-guard-e3ae00a148","HIGH_BUG","other-production-auth-reset-guard","Auth user reset script lacks production and project confirmation","scripts/ensure-auth-user.ts",".deepsec/findings/HIGH_BUG/nabatableLP-other-production-auth-reset-guard-e3ae00a148.md","SEC-002","Service-role before tenant authorization","Platform/API owner","Sprint 1","security-critical;tenant-isolation;service-role;needs-regression"
"other-production-data-corruption-e07f71bc9d","HIGH_BUG","other-production-data-corruption","Service-role booking generator can write synthetic bookings to production without a target guard","scripts/generate-bookings-safe.ts",".deepsec/findings/HIGH_BUG/nabatableLP-other-production-data-corruption-e07f71bc9d.md","SEC-002","Service-role before tenant authorization","Platform/API owner","Sprint 1","security-critical;tenant-isolation;service-role;needs-regression"
"other-production-ddl-integrity-bug-2ef7e43148","HIGH_BUG","other-production-ddl-integrity-bug","Production FK phase can leave constraints dropped while exiting successfully","scripts/run-production-optimization.ts",".deepsec/findings/HIGH_BUG/nabatableLP-other-production-ddl-integrity-bug-2ef7e43148.md","SEC-004","Production data scripts lack target safety","Data operations owner","Sprint 1","high-bug;service-role;data-integrity;needs-prod-config"
"other-production-ddl-integrity-bug-41d7bd268b","HIGH_BUG","other-production-ddl-integrity-bug","Production FK migration can drop constraints and still exit successfully","scripts/run-production-optimization.ts",".deepsec/findings/HIGH_BUG/nabatableLP-other-production-ddl-integrity-bug-41d7bd268b.md","SEC-004","Production data scripts lack target safety","Data operations owner","Sprint 1","high-bug;service-role;data-integrity;needs-prod-config"
"other-production-safety-guard-missing-4ee75f7139","HIGH_BUG","other-production-safety-guard-missing","Schema optimization script runs destructive changes against any DB URL","scripts/run-schema-optimization.ts",".deepsec/findings/HIGH_BUG/nabatableLP-other-production-safety-guard-missing-4ee75f7139.md","SEC-004","Production data scripts lack target safety","Data operations owner","Sprint 1","high-bug;service-role;data-integrity;needs-prod-config"
"other-production-safety-missing-d8c88b0f04","HIGH_BUG","other-production-safety-missing","Staging import can write to any configured Supabase project","scripts/import-old-school-house-menu-staging.ts",".deepsec/findings/HIGH_BUG/nabatableLP-other-production-safety-missing-d8c88b0f04.md","SEC-002","Service-role before tenant authorization","Platform/API owner","Sprint 1","security-critical;tenant-isolation;service-role;needs-regression"
"other-production-write-guard-7031e1e25d","HIGH_BUG","other-production-write-guard","Staging import lacks an expected-project guard","scripts/import-old-school-house-drinks-staging.ts",".deepsec/findings/HIGH_BUG/nabatableLP-other-production-write-guard-7031e1e25d.md","SEC-002","Service-role before tenant authorization","Platform/API owner","Sprint 1","security-critical;tenant-isolation;service-role;needs-regression"
"other-race-condition-078011fa42","HIGH_BUG","other-race-condition","Non-atomic unassign status rollback can corrupt booking state","src/app/api/ops/bookings/[id]/tables/[tableId]/route.ts",".deepsec/findings/HIGH_BUG/nabatableLP-other-race-condition-078011fa42.md","SEC-010","Data integrity, races, and idempotency","Domain workflow owner","Sprint 3","data-integrity;high-bug;needs-regression"
"other-race-condition-0c2b0982b5","HIGH_BUG","other-race-condition","GBP publish jobs are not atomically claimed before side effects","server/google-business-profile/workflow.ts",".deepsec/findings/HIGH_BUG/nabatableLP-other-race-condition-0c2b0982b5.md","SEC-003","Cron and job routes fail open","Jobs/infra owner","Sprint 1","security-critical;cron-auth;service-role;needs-prod-config"
"other-race-condition-1f495b0213","HIGH_BUG","other-race-condition","Concurrent direct assignments can double-book a table","src/app/api/ops/bookings/[id]/assign-tables/route.ts",".deepsec/findings/HIGH_BUG/nabatableLP-other-race-condition-1f495b0213.md","SEC-010","Data integrity, races, and idempotency","Domain workflow owner","Sprint 3","data-integrity;high-bug;needs-regression"
"other-race-condition-2fef18423b","HIGH_BUG","other-race-condition","Table deletion can race with future assignment creation and cascade-delete new assignments","src/app/api/ops/tables/[id]/route.ts",".deepsec/findings/HIGH_BUG/nabatableLP-other-race-condition-2fef18423b.md","SEC-010","Data integrity, races, and idempotency","Domain workflow owner","Sprint 3","data-integrity;high-bug;needs-regression"
"other-race-condition-34861c340a","HIGH_BUG","other-race-condition","Direct assignment conflict check is not atomic with assignment insert","server/capacity/table-assignment/direct-assignment.ts",".deepsec/findings/HIGH_BUG/nabatableLP-other-race-condition-34861c340a.md","SEC-010","Data integrity, races, and idempotency","Domain workflow owner","Sprint 3","data-integrity;high-bug;needs-regression"
"other-race-condition-6321238b60","HIGH_BUG","other-race-condition","Non-atomic outbound candidate upsert can drop queued exports","server/dual-sync/outbound/candidates.ts",".deepsec/findings/HIGH_BUG/nabatableLP-other-race-condition-6321238b60.md","SEC-003","Cron and job routes fail open","Jobs/infra owner","Sprint 1","security-critical;cron-auth;service-role;needs-prod-config"
"other-race-condition-66185207a1","HIGH_BUG","other-race-condition","Unassign can revert a booking to pending after a concurrent assignment","server/capacity/table-assignment/direct-assignment.ts",".deepsec/findings/HIGH_BUG/nabatableLP-other-race-condition-66185207a1.md","SEC-010","Data integrity, races, and idempotency","Domain workflow owner","Sprint 3","data-integrity;high-bug;needs-regression"
"other-race-condition-856d1dc9cc","HIGH_BUG","other-race-condition","Review decisions are not atomically claimed before side effects","src/app/api/ops/restaurants/[id]/google-business-profile/food-menus/import-review/[reviewId]/decision/route.ts",".deepsec/findings/HIGH_BUG/nabatableLP-other-race-condition-856d1dc9cc.md","SEC-010","Data integrity, races, and idempotency","Domain workflow owner","Sprint 3","data-integrity;high-bug;needs-regression"
"other-race-condition-9a316bfed1","HIGH_BUG","other-race-condition","FoodMenus review replacement and decisions are not atomic","src/components/features/restaurant-settings/dual-sync/FoodMenusImportReviewPanel.tsx",".deepsec/findings/HIGH_BUG/nabatableLP-other-race-condition-9a316bfed1.md","SEC-003","Cron and job routes fail open","Jobs/infra owner","Sprint 1","security-critical;cron-auth;service-role;needs-prod-config"
"other-race-condition-9feee0e5b6","HIGH_BUG","other-race-condition","Direct assignment validates conflicts outside the write operation","server/capacity/table-assignment/direct-assignment.ts",".deepsec/findings/HIGH_BUG/nabatableLP-other-race-condition-9feee0e5b6.md","SEC-010","Data integrity, races, and idempotency","Domain workflow owner","Sprint 3","data-integrity;high-bug;needs-regression"
"other-race-condition-cc89544ea8","HIGH_BUG","other-race-condition","Import review decisions can replay or conflict under concurrent submits","server/google-business-profile/food-menus-sync.ts",".deepsec/findings/HIGH_BUG/nabatableLP-other-race-condition-cc89544ea8.md","SEC-010","Data integrity, races, and idempotency","Domain workflow owner","Sprint 3","data-integrity;high-bug;needs-regression"
"other-race-condition-ecbb742c39","HIGH_BUG","other-race-condition","Unassignment can revert a newly reassigned booking back to pending","server/capacity/table-assignment/direct-assignment.ts",".deepsec/findings/HIGH_BUG/nabatableLP-other-race-condition-ecbb742c39.md","SEC-010","Data integrity, races, and idempotency","Domain workflow owner","Sprint 3","data-integrity;high-bug;needs-regression"
"other-refetch-loop-cbae0f37bb","HIGH_BUG","other-refetch-loop","Manual refresh can create an unbounded queue refetch loop","src/components/features/email-delivery/components/OpsEmailQueuePanel.tsx",".deepsec/findings/HIGH_BUG/nabatableLP-other-refetch-loop-cbae0f37bb.md","SEC-003","Cron and job routes fail open","Jobs/infra owner","Sprint 1","security-critical;cron-auth;service-role;needs-prod-config"
"other-stale-write-3fa66cbcc1","HIGH_BUG","other-stale-write","Batch exports can write to Google before pinned drift checks run","src/components/features/restaurant-settings/dual-sync/DualSyncShell.tsx",".deepsec/findings/HIGH_BUG/nabatableLP-other-stale-write-3fa66cbcc1.md","SEC-011","Schema, migration, and contract drift","Data/platform owner","Sprint 3","data-integrity;needs-migration;needs-regression"
"other-state-race-e92f9596b6","HIGH_BUG","other-state-race","Unassignment can return success and race booking status back to pending","src/app/api/ops/bookings/[id]/tables/[tableId]/route.ts",".deepsec/findings/HIGH_BUG/nabatableLP-other-state-race-e92f9596b6.md","SEC-010","Data integrity, races, and idempotency","Domain workflow owner","Sprint 3","data-integrity;high-bug;needs-regression"
"other-swallowed-cleanup-failure-2d60176eb2","HIGH_BUG","other-swallowed-cleanup-failure","Failed table-assignment cleanup is silently treated as success","server/bookings.ts",".deepsec/findings/HIGH_BUG/nabatableLP-other-swallowed-cleanup-failure-2d60176eb2.md","SEC-010","Data integrity, races, and idempotency","Domain workflow owner","Sprint 3","data-integrity;high-bug;needs-regression"
"other-swallowed-cleanup-failure-7bbdf567ab","HIGH_BUG","other-swallowed-cleanup-failure","Assignment cleanup failures are swallowed after lifecycle changes","server/bookings.ts",".deepsec/findings/HIGH_BUG/nabatableLP-other-swallowed-cleanup-failure-7bbdf567ab.md","SEC-010","Data integrity, races, and idempotency","Domain workflow owner","Sprint 3","data-integrity;high-bug;needs-regression"
"other-timeout-not-enforced-df88302b62","HIGH_BUG","other-timeout-not-enforced","Inline modification timeout is not actually enforced","server/bookings/modification-flow.ts",".deepsec/findings/HIGH_BUG/nabatableLP-other-timeout-not-enforced-df88302b62.md","SEC-010","Data integrity, races, and idempotency","Domain workflow owner","Sprint 3","data-integrity;high-bug;needs-regression"
"other-timeout-race-135b2cdd6d","HIGH_BUG","other-timeout-race","Timed-out inline auto-assign can still mutate booking state","src/services/inline-auto-assign.ts",".deepsec/findings/HIGH_BUG/nabatableLP-other-timeout-race-135b2cdd6d.md","SEC-010","Data integrity, races, and idempotency","Domain workflow owner","Sprint 3","data-integrity;high-bug;needs-regression"
"other-toctou-drift-check-bypass-6ac5412f54","HIGH_BUG","other-toctou-drift-check-bypass","Batch auto-export can write to Google before pinned-hash drift checks","src/app/api/ops/restaurants/[id]/dual-sync/auto-export/route.ts",".deepsec/findings/HIGH_BUG/nabatableLP-other-toctou-drift-check-bypass-6ac5412f54.md","SEC-011","Schema, migration, and contract drift","Data/platform owner","Sprint 3","data-integrity;needs-migration;needs-regression"
"other-toctou-drift-check-bypass-8a3874a610","HIGH_BUG","other-toctou-drift-check-bypass","Batch publish can mutate Google before stale pinned hashes are rejected","src/app/api/ops/restaurants/[id]/dual-sync/publish/route.ts",".deepsec/findings/HIGH_BUG/nabatableLP-other-toctou-drift-check-bypass-8a3874a610.md","SEC-011","Schema, migration, and contract drift","Data/platform owner","Sprint 3","data-integrity;needs-migration;needs-regression"
"other-token-format-mismatch-4becd4b611","HIGH_BUG","other-token-format-mismatch","Generated confirmation tokens are rejected by the confirm API","server/bookings/confirmation-token.ts",".deepsec/findings/HIGH_BUG/nabatableLP-other-token-format-mismatch-4becd4b611.md","SEC-006","Generic URL validation and redirect policy gaps","Web/API owner","Sprint 2","xss;data-integrity;needs-regression"
"other-token-length-mismatch-42d5fcc437","HIGH_BUG","other-token-length-mismatch","Confirmation route rejects generated confirmation tokens","src/app/api/bookings/confirm/route.ts",".deepsec/findings/HIGH_BUG/nabatableLP-other-token-length-mismatch-42d5fcc437.md","SEC-006","Generic URL validation and redirect policy gaps","Web/API owner","Sprint 2","xss;data-integrity;needs-regression"
"other-unguarded-db-execution-19f2e19a29","HIGH_BUG","other-unguarded-db-execution","Unguarded remote database executor can target the wrong Supabase project","scripts/execute-sql.ts",".deepsec/findings/HIGH_BUG/nabatableLP-other-unguarded-db-execution-19f2e19a29.md","SEC-004","Production data scripts lack target safety","Data operations owner","Sprint 1","high-bug;service-role;data-integrity;needs-prod-config"
"other-unsafe-bulk-backfill-138f6a4dd5","HIGH_BUG","other-unsafe-bulk-backfill","Apply mode can mutate all restaurants and schedule review emails without target safety gates","scripts/backfill-review-emails.ts",".deepsec/findings/HIGH_BUG/nabatableLP-other-unsafe-bulk-backfill-138f6a4dd5.md","SEC-002","Service-role before tenant authorization","Platform/API owner","Sprint 1","security-critical;tenant-isolation;service-role;needs-regression"
"other-unsafe-privilege-grant-4d0186734d","HIGH_BUG","other-unsafe-privilege-grant","Restaurant seed can grant owner role to the first auth user in the target project","scripts/seed-restaurant.ts",".deepsec/findings/HIGH_BUG/nabatableLP-other-unsafe-privilege-grant-4d0186734d.md","SEC-002","Service-role before tenant authorization","Platform/API owner","Sprint 1","security-critical;tenant-isolation;service-role;needs-regression"
"other-unsafe-production-data-write-83602e686c","HIGH_BUG","other-unsafe-production-data-write","Service-role seed script can write fake bookings to an unintended remote tenant","scripts/seed-bookings-week-final.ts",".deepsec/findings/HIGH_BUG/nabatableLP-other-unsafe-production-data-write-83602e686c.md","SEC-002","Service-role before tenant authorization","Platform/API owner","Sprint 1","security-critical;tenant-isolation;service-role;needs-regression"
"other-unsafe-production-data-write-9f18c74742","HIGH_BUG","other-unsafe-production-data-write","Service-role seed script can write fake bookings to an unintended remote tenant","scripts/seed-bookings-week.ts",".deepsec/findings/HIGH_BUG/nabatableLP-other-unsafe-production-data-write-9f18c74742.md","SEC-002","Service-role before tenant authorization","Platform/API owner","Sprint 1","security-critical;tenant-isolation;service-role;needs-regression"
"other-unsafe-remote-seed-5e9ee2d06d","HIGH_BUG","other-unsafe-remote-seed","Booking seed script can pollute an arbitrary remote restaurant","scripts/seed-bookings-week-final.ts",".deepsec/findings/HIGH_BUG/nabatableLP-other-unsafe-remote-seed-5e9ee2d06d.md","SEC-002","Service-role before tenant authorization","Platform/API owner","Sprint 1","security-critical;tenant-isolation;service-role;needs-regression"
"other-unsafe-remote-seed-8a5f278a0c","HIGH_BUG","other-unsafe-remote-seed","Booking seed script can write fake data to production without safeguards","scripts/seed-bookings-week.ts",".deepsec/findings/HIGH_BUG/nabatableLP-other-unsafe-remote-seed-8a5f278a0c.md","SEC-002","Service-role before tenant authorization","Platform/API owner","Sprint 1","security-critical;tenant-isolation;service-role;needs-regression"
"other-validation-bypass-658d76393f","HIGH_BUG","other-validation-bypass","Manual assignment validation result is ignored","src/app/api/ops/bookings/[id]/tables/route.ts",".deepsec/findings/HIGH_BUG/nabatableLP-other-validation-bypass-658d76393f.md","SEC-002","Service-role before tenant authorization","Platform/API owner","Sprint 1","security-critical;tenant-isolation;service-role;needs-regression"
"acl-check-52381332e9","MEDIUM","acl-check","Non-admin restaurant members can create seating zones","src/app/api/ops/zones/route.ts",".deepsec/findings/MEDIUM/nabatableLP-acl-check-52381332e9.md","SEC-002","Service-role before tenant authorization","Platform/API owner","Sprint 1","security-critical;tenant-isolation;service-role;needs-regression"
"acl-check-b889fc902a","MEDIUM","acl-check","Authorization guard can use stale cached membership roles","server/team/access.ts",".deepsec/findings/MEDIUM/nabatableLP-acl-check-b889fc902a.md","SEC-002","Service-role before tenant authorization","Platform/API owner","Sprint 1","security-critical;tenant-isolation;service-role;needs-regression"
"acl-check-c6eca39736","MEDIUM","acl-check","Soft-hold RPCs are usable without tenant ownership checks","server/capacity/table-assignment/soft-holds.ts",".deepsec/findings/MEDIUM/nabatableLP-acl-check-c6eca39736.md","SEC-002","Service-role before tenant authorization","Platform/API owner","Sprint 1","security-critical;tenant-isolation;service-role;needs-regression"
"auth-bypass-5f9bc3d21c","MEDIUM","auth-bypass","Legacy sync route bypasses password confirmation used by the current GBP sync endpoint","src/app/api/ops/restaurants/[id]/google-business/sync/route.ts",".deepsec/findings/MEDIUM/nabatableLP-auth-bypass-5f9bc3d21c.md","SEC-001","Account takeover and auth-token exposure","Auth owner","Sprint 1","security-critical;account-takeover;secrets;needs-regression"
"cross-tenant-id-0ad14f0938","MEDIUM","cross-tenant-id","Table prefetch reaches an endpoint without explicit restaurant membership authorization","src/components/features/ops-shell/useOpsRoutePrefetch.ts",".deepsec/findings/MEDIUM/nabatableLP-cross-tenant-id-0ad14f0938.md","SEC-002","Service-role before tenant authorization","Platform/API owner","Sprint 1","security-critical;tenant-isolation;service-role;needs-regression"
"cross-tenant-id-11c1ee2519","MEDIUM","cross-tenant-id","Delivery retry helper branches on unscoped delivery log IDs before tenant authorization","server/emails/email-delivery-log.ts",".deepsec/findings/MEDIUM/nabatableLP-cross-tenant-id-11c1ee2519.md","SEC-002","Service-role before tenant authorization","Platform/API owner","Sprint 1","security-critical;tenant-isolation;service-role;needs-regression"
"cross-tenant-id-2081dc5454","MEDIUM","cross-tenant-id","Service-role confirm flow can be used as a cross-tenant booking oracle","src/app/api/staff/auto/confirm/route.ts",".deepsec/findings/MEDIUM/nabatableLP-cross-tenant-id-2081dc5454.md","SEC-002","Service-role before tenant authorization","Platform/API owner","Sprint 1","security-critical;tenant-isolation;service-role;needs-regression"
"cross-tenant-id-481f4b2c33","MEDIUM","cross-tenant-id","Cross-tenant table inventory read through unguarded restaurantId","server/ops/tables.ts",".deepsec/findings/MEDIUM/nabatableLP-cross-tenant-id-481f4b2c33.md","SEC-002","Service-role before tenant authorization","Platform/API owner","Sprint 1","security-critical;tenant-isolation;service-role;needs-regression"
"cross-tenant-id-6eaf529685","MEDIUM","cross-tenant-id","Table inventory list uses caller-supplied restaurantId without a per-restaurant access check","src/services/ops/tables.ts",".deepsec/findings/MEDIUM/nabatableLP-cross-tenant-id-6eaf529685.md","SEC-002","Service-role before tenant authorization","Platform/API owner","Sprint 1","security-critical;tenant-isolation;service-role;needs-regression"
"cross-tenant-id-7be203dfdf","MEDIUM","cross-tenant-id","Table listing lacks an explicit restaurant membership check","src/app/api/ops/tables/route.ts",".deepsec/findings/MEDIUM/nabatableLP-cross-tenant-id-7be203dfdf.md","SEC-002","Service-role before tenant authorization","Platform/API owner","Sprint 1","security-critical;tenant-isolation;service-role;needs-regression"
"cross-tenant-id-8312e7a160","MEDIUM","cross-tenant-id","Assignment error mapper leaks internal and cross-tenant details","src/app/api/staff/_utils/assign-tables-error.ts",".deepsec/findings/MEDIUM/nabatableLP-cross-tenant-id-8312e7a160.md","SEC-002","Service-role before tenant authorization","Platform/API owner","Sprint 1","security-critical;tenant-isolation;service-role;needs-regression"
"cross-tenant-id-921ba81b7d","MEDIUM","cross-tenant-id","Authorization happens after service-role booking and lifecycle checks","src/app/api/ops/bookings/[id]/status/route.ts",".deepsec/findings/MEDIUM/nabatableLP-cross-tenant-id-921ba81b7d.md","SEC-002","Service-role before tenant authorization","Platform/API owner","Sprint 1","security-critical;tenant-isolation;service-role;needs-regression"
"cross-tenant-id-9ca7be05d2","MEDIUM","cross-tenant-id","Cross-tenant booking existence can be probed","src/app/api/ops/bookings/[id]/no-show/route.ts",".deepsec/findings/MEDIUM/nabatableLP-cross-tenant-id-9ca7be05d2.md","SEC-002","Service-role before tenant authorization","Platform/API owner","Sprint 1","security-critical;tenant-isolation;service-role;needs-regression"
"cross-tenant-id-cc9a900341","MEDIUM","cross-tenant-id","Cross-tenant booking existence can be probed","src/app/api/ops/bookings/[id]/undo-no-show/route.ts",".deepsec/findings/MEDIUM/nabatableLP-cross-tenant-id-cc9a900341.md","SEC-002","Service-role before tenant authorization","Platform/API owner","Sprint 1","security-critical;tenant-isolation;service-role;needs-regression"
"csrf-766472282e","MEDIUM","csrf","Import review POST mutates service-role state without CSRF validation","src/app/api/ops/restaurants/[id]/google-business-profile/food-menus/import-review/route.ts",".deepsec/findings/MEDIUM/nabatableLP-csrf-766472282e.md","SEC-002","Service-role before tenant authorization","Platform/API owner","Sprint 1","security-critical;tenant-isolation;service-role;needs-regression"
"csrf-929806b16b","MEDIUM","csrf","Staff auto-quote creates table holds without CSRF validation","src/app/api/staff/auto/quote/route.ts",".deepsec/findings/MEDIUM/nabatableLP-csrf-929806b16b.md","SEC-002","Service-role before tenant authorization","Platform/API owner","Sprint 1","security-critical;tenant-isolation;service-role;needs-regression"
"expensive-api-abuse-244b84cdc7","MEDIUM","expensive-api-abuse","Unbounded heatmap date range enables large tenant-wide scans","src/app/api/ops/dashboard/heatmap/route.ts",".deepsec/findings/MEDIUM/nabatableLP-expensive-api-abuse-244b84cdc7.md","SEC-002","Service-role before tenant authorization","Platform/API owner","Sprint 1","security-critical;tenant-isolation;service-role;needs-regression"
"expensive-api-abuse-46fa067177","MEDIUM","expensive-api-abuse","Google FoodMenus publish endpoint has no abuse throttle","src/app/api/ops/restaurants/[id]/google-business-profile/food-menus/publish/route.ts",".deepsec/findings/MEDIUM/nabatableLP-expensive-api-abuse-46fa067177.md","SEC-002","Service-role before tenant authorization","Platform/API owner","Sprint 1","security-critical;tenant-isolation;service-role;needs-regression"
"expensive-api-abuse-4bc08acd45","MEDIUM","expensive-api-abuse","Unauthenticated cron fallback can trigger service-role reconciliation and Twilio polling","server/observability/delivery-reconciler.ts",".deepsec/findings/MEDIUM/nabatableLP-expensive-api-abuse-4bc08acd45.md","SEC-002","Service-role before tenant authorization","Platform/API owner","Sprint 1","security-critical;tenant-isolation;service-role;needs-regression"
"expensive-api-abuse-533ecd8c0e","MEDIUM","expensive-api-abuse","Manual Google refresh endpoint has no abuse throttle","src/app/api/ops/restaurants/[id]/dual-sync/refresh/route.ts",".deepsec/findings/MEDIUM/nabatableLP-expensive-api-abuse-533ecd8c0e.md","SEC-002","Service-role before tenant authorization","Platform/API owner","Sprint 1","security-critical;tenant-isolation;service-role;needs-regression"
"expensive-api-abuse-53f9aca40b","MEDIUM","expensive-api-abuse","Unthrottled draft generation can churn Google sync state","src/app/api/ops/restaurants/[id]/google-business-profile/drafts/route.ts",".deepsec/findings/MEDIUM/nabatableLP-expensive-api-abuse-53f9aca40b.md","SEC-009","Rate limiting and abuse controls","Platform/API owner","Sprint 2","rate-limit;needs-regression"
"expensive-api-abuse-5ca065c928","MEDIUM","expensive-api-abuse","Manual Google refresh lacks abuse controls","src/app/api/ops/restaurants/[id]/dual-sync/refresh/route.ts",".deepsec/findings/MEDIUM/nabatableLP-expensive-api-abuse-5ca065c928.md","SEC-002","Service-role before tenant authorization","Platform/API owner","Sprint 1","security-critical;tenant-isolation;service-role;needs-regression"
"expensive-api-abuse-78bef9a194","MEDIUM","expensive-api-abuse","Location selection can repeatedly trigger unthrottled Google API work","src/app/api/ops/restaurants/[id]/google-business/locations/select/route.ts",".deepsec/findings/MEDIUM/nabatableLP-expensive-api-abuse-78bef9a194.md","SEC-009","Rate limiting and abuse controls","Platform/API owner","Sprint 2","rate-limit;needs-regression"
"expensive-api-abuse-809efb2778","MEDIUM","expensive-api-abuse","Test email send endpoint can be abused to send unlimited provider emails","src/app/api/ops/restaurants/[id]/email-templates/[templateKey]/test-send/route.ts",".deepsec/findings/MEDIUM/nabatableLP-expensive-api-abuse-809efb2778.md","SEC-002","Service-role before tenant authorization","Platform/API owner","Sprint 1","security-critical;tenant-isolation;service-role;needs-regression"
"expensive-api-abuse-86f470cbfc","MEDIUM","expensive-api-abuse","Connection-state reads refresh tokens and enumerate Google locations","server/google-business-profile/service.ts",".deepsec/findings/MEDIUM/nabatableLP-expensive-api-abuse-86f470cbfc.md","SEC-009","Rate limiting and abuse controls","Platform/API owner","Sprint 2","rate-limit;needs-regression"
"expensive-api-abuse-950c7a4072","MEDIUM","expensive-api-abuse","Unthrottled GET performs live Google discovery and token refresh","src/app/api/ops/restaurants/[id]/google-business/locations/route.ts",".deepsec/findings/MEDIUM/nabatableLP-expensive-api-abuse-950c7a4072.md","SEC-005","Missing CSRF on session-cookie mutations","Web/API owner","Sprint 2","csrf;needs-regression"
"expensive-api-abuse-a9a93811b8","MEDIUM","expensive-api-abuse","Manual sync is unthrottled despite upstream API and DB side effects","src/app/api/ops/restaurants/[id]/google-business/sync/route.ts",".deepsec/findings/MEDIUM/nabatableLP-expensive-api-abuse-a9a93811b8.md","SEC-003","Cron and job routes fail open","Jobs/infra owner","Sprint 1","security-critical;cron-auth;service-role;needs-prod-config"
"expensive-api-abuse-b4430b039c","MEDIUM","expensive-api-abuse","Unthrottled Google FoodMenus refresh mutates review state","src/app/api/ops/restaurants/[id]/google-business-profile/food-menus/import-review/refresh/route.ts",".deepsec/findings/MEDIUM/nabatableLP-expensive-api-abuse-b4430b039c.md","SEC-009","Rate limiting and abuse controls","Platform/API owner","Sprint 2","rate-limit;needs-regression"
"expensive-api-abuse-b59a999cbc","MEDIUM","expensive-api-abuse","Email retry can be replayed without rate limit or retry idempotency","src/app/api/ops/email-delivery/retry/route.ts",".deepsec/findings/MEDIUM/nabatableLP-expensive-api-abuse-b59a999cbc.md","SEC-009","Rate limiting and abuse controls","Platform/API owner","Sprint 2","rate-limit;needs-regression"
"expensive-api-abuse-cab49e529a","MEDIUM","expensive-api-abuse","Preflight can repeatedly trigger Google Business Profile sync without rate limiting","src/app/api/ops/restaurants/[id]/google-business-profile/drafts/[draftId]/publish/preflight/route.ts",".deepsec/findings/MEDIUM/nabatableLP-expensive-api-abuse-cab49e529a.md","SEC-003","Cron and job routes fail open","Jobs/infra owner","Sprint 1","security-critical;cron-auth;service-role;needs-prod-config"
"expensive-api-abuse-d9254b65a2","MEDIUM","expensive-api-abuse","Unbounded change-feed limit enables authenticated resource exhaustion","src/app/api/ops/dashboard/changes/route.ts",".deepsec/findings/MEDIUM/nabatableLP-expensive-api-abuse-d9254b65a2.md","SEC-002","Service-role before tenant authorization","Platform/API owner","Sprint 1","security-critical;tenant-isolation;service-role;needs-regression"
"expensive-api-abuse-e0b9f2068e","MEDIUM","expensive-api-abuse","Queue feed loads global service-role job history before tenant filtering","src/app/api/ops/email-queue/route.ts",".deepsec/findings/MEDIUM/nabatableLP-expensive-api-abuse-e0b9f2068e.md","SEC-002","Service-role before tenant authorization","Platform/API owner","Sprint 1","security-critical;tenant-isolation;service-role;needs-regression"
"expensive-api-abuse-e2bd59f7b9","MEDIUM","expensive-api-abuse","Unbounded heatmap date range can force large booking scans","server/ops/bookings.ts",".deepsec/findings/MEDIUM/nabatableLP-expensive-api-abuse-e2bd59f7b9.md","SEC-002","Service-role before tenant authorization","Platform/API owner","Sprint 1","security-critical;tenant-isolation;service-role;needs-regression"
"expensive-api-abuse-e7b3b66ed5","MEDIUM","expensive-api-abuse","Email retry endpoint has no abuse throttling","src/app/api/ops/email-delivery/retry/route.ts",".deepsec/findings/MEDIUM/nabatableLP-expensive-api-abuse-e7b3b66ed5.md","SEC-009","Rate limiting and abuse controls","Platform/API owner","Sprint 2","rate-limit;needs-regression"
"expensive-api-abuse-ed36ba82e8","MEDIUM","expensive-api-abuse","Google publish endpoint has no server-side throttling","src/app/api/ops/restaurants/[id]/google-business-profile/food-menus/publish/route.ts",".deepsec/findings/MEDIUM/nabatableLP-expensive-api-abuse-ed36ba82e8.md","SEC-009","Rate limiting and abuse controls","Platform/API owner","Sprint 2","rate-limit;needs-regression"
"expensive-api-abuse-f71bef4616","MEDIUM","expensive-api-abuse","Test email sender lacks throttling and CSRF validation","src/app/api/ops/restaurants/[id]/email-templates/[templateKey]/test-send/route.ts",".deepsec/findings/MEDIUM/nabatableLP-expensive-api-abuse-f71bef4616.md","SEC-005","Missing CSRF on session-cookie mutations","Web/API owner","Sprint 2","csrf;needs-regression"
"expensive-api-abuse-fe131661e5","MEDIUM","expensive-api-abuse","Completed-status replay can requeue review emails","src/app/api/ops/bookings/[id]/status/route.ts",".deepsec/findings/MEDIUM/nabatableLP-expensive-api-abuse-fe131661e5.md","SEC-003","Cron and job routes fail open","Jobs/infra owner","Sprint 1","security-critical;cron-auth;service-role;needs-prod-config"
"github-workflow-security-1af8a7919a","MEDIUM","github-workflow-security","Workflow actions are pinned only to mutable major tags",".github/workflows/shadcn-primitives.yml",".deepsec/findings/MEDIUM/nabatableLP-github-workflow-security-1af8a7919a.md","SEC-012","Security-adjacent correctness backlog","Feature owner","Sprint 4","high-bug;needs-regression"
"insecure-crypto-3260a402c5","MEDIUM","insecure-crypto","Database schema script disables TLS certificate verification","scripts/run-schema-optimization.ts",".deepsec/findings/MEDIUM/nabatableLP-insecure-crypto-3260a402c5.md","SEC-006","Generic URL validation and redirect policy gaps","Web/API owner","Sprint 2","xss;data-integrity;needs-regression"
"insecure-crypto-3657379a36","MEDIUM","insecure-crypto","Region probing disables TLS certificate verification","scripts/find-supabase-region.ts",".deepsec/findings/MEDIUM/nabatableLP-insecure-crypto-3657379a36.md","SEC-008","Secrets in logs, generated artifacts, or config","Infra/security owner","Sprint 2","secrets;needs-prod-config;needs-regression"
"insecure-crypto-8391c1d7ea","MEDIUM","insecure-crypto","Privileged Postgres connection disables TLS certificate verification","scripts/import-old-school-house-drinks-staging.ts",".deepsec/findings/MEDIUM/nabatableLP-insecure-crypto-8391c1d7ea.md","SEC-002","Service-role before tenant authorization","Platform/API owner","Sprint 1","security-critical;tenant-isolation;service-role;needs-regression"
"insecure-crypto-91aac62be3","MEDIUM","insecure-crypto","Database TLS certificate validation is disabled","scripts/import-old-school-house-menu-staging.ts",".deepsec/findings/MEDIUM/nabatableLP-insecure-crypto-91aac62be3.md","SEC-004","Production data scripts lack target safety","Data operations owner","Sprint 1","high-bug;service-role;data-integrity;needs-prod-config"
"insecure-crypto-c72c481d33","MEDIUM","insecure-crypto","Database TLS certificate validation is disabled","scripts/production-precheck.ts",".deepsec/findings/MEDIUM/nabatableLP-insecure-crypto-c72c481d33.md","SEC-004","Production data scripts lack target safety","Data operations owner","Sprint 1","high-bug;service-role;data-integrity;needs-prod-config"
"insecure-crypto-cd98241a58","MEDIUM","insecure-crypto","Database TLS certificate verification is disabled","scripts/execute-sql.ts",".deepsec/findings/MEDIUM/nabatableLP-insecure-crypto-cd98241a58.md","SEC-006","Generic URL validation and redirect policy gaps","Web/API owner","Sprint 2","xss;data-integrity;needs-regression"
"missing-auth-bd2dd5b89a","MEDIUM","missing-auth","Assignment context fetch reaches a service-role route without handler-level auth","src/components/features/dashboard/booking-details/hooks/useTableAssignment.ts",".deepsec/findings/MEDIUM/nabatableLP-missing-auth-bd2dd5b89a.md","SEC-002","Service-role before tenant authorization","Platform/API owner","Sprint 1","security-critical;tenant-isolation;service-role;needs-regression"
"missing-csrf-0e13e5dfb6","MEDIUM","missing-csrf","Session-cookie table assignment POST lacks CSRF verification","src/app/api/ops/bookings/[id]/tables/route.ts",".deepsec/findings/MEDIUM/nabatableLP-missing-csrf-0e13e5dfb6.md","SEC-002","Service-role before tenant authorization","Platform/API owner","Sprint 1","security-critical;tenant-isolation;service-role;needs-regression"
"missing-csrf-618c5f27c0","MEDIUM","missing-csrf","Restaurant creation POST lacks CSRF validation","src/app/api/ops/restaurants/route.ts",".deepsec/findings/MEDIUM/nabatableLP-missing-csrf-618c5f27c0.md","SEC-002","Service-role before tenant authorization","Platform/API owner","Sprint 1","security-critical;tenant-isolation;service-role;needs-regression"
"open-redirect-00c5d26124","MEDIUM","open-redirect","Backslash-normalized next parameter bypasses local redirect check","src/app/(public)/bookings/recover/route.ts",".deepsec/findings/MEDIUM/nabatableLP-open-redirect-00c5d26124.md","SEC-001","Account takeover and auth-token exposure","Auth owner","Sprint 1","security-critical;account-takeover;secrets;needs-regression"
"open-redirect-082905ef85","MEDIUM","open-redirect","Double-slash /app paths can redirect to an attacker-controlled host","src/proxy.ts",".deepsec/findings/MEDIUM/nabatableLP-open-redirect-082905ef85.md","SEC-006","Generic URL validation and redirect policy gaps","Web/API owner","Sprint 2","xss;data-integrity;needs-regression"
"open-redirect-2acd5750db","MEDIUM","open-redirect","Root layout enables weak implicit-auth redirect validation","src/app/layout.tsx",".deepsec/findings/MEDIUM/nabatableLP-open-redirect-2acd5750db.md","SEC-005","Missing CSRF on session-cookie mutations","Web/API owner","Sprint 2","csrf;needs-regression"
"open-redirect-2cd434bb84","MEDIUM","open-redirect","Implicit auth handler allows login CSRF with backslash open redirect","src/app/app/auth/signin/layout.tsx",".deepsec/findings/MEDIUM/nabatableLP-open-redirect-2cd434bb84.md","SEC-005","Missing CSRF on session-cookie mutations","Web/API owner","Sprint 2","csrf;needs-regression"
"open-redirect-6e3920dd64","MEDIUM","open-redirect","redirectedFrom permits backslash-based external redirects","components/auth/ImplicitAuthHandler.tsx",".deepsec/findings/MEDIUM/nabatableLP-open-redirect-6e3920dd64.md","SEC-005","Missing CSRF on session-cookie mutations","Web/API owner","Sprint 2","csrf;needs-regression"
"open-redirect-6e5445d59d","MEDIUM","open-redirect","Implicit auth handler allows login CSRF with backslash open redirect","src/app/(public)/auth/signin/layout.tsx",".deepsec/findings/MEDIUM/nabatableLP-open-redirect-6e5445d59d.md","SEC-005","Missing CSRF on session-cookie mutations","Web/API owner","Sprint 2","csrf;needs-regression"
"open-redirect-aa83cea4e7","MEDIUM","open-redirect","OAuth return path is stored and replayed without origin validation","server/google-business-profile/service.ts",".deepsec/findings/MEDIUM/nabatableLP-open-redirect-aa83cea4e7.md","SEC-006","Generic URL validation and redirect policy gaps","Web/API owner","Sprint 2","xss;data-integrity;needs-regression"
"open-redirect-b3cbbe4bbd","MEDIUM","open-redirect","Callback redirects trust forwarded host and stored absolute return paths","src/app/api/ops/google-business-profile/callback/route.ts",".deepsec/findings/MEDIUM/nabatableLP-open-redirect-b3cbbe4bbd.md","SEC-006","Generic URL validation and redirect policy gaps","Web/API owner","Sprint 2","xss;data-integrity;needs-regression"
"open-redirect-ba4a77561e","MEDIUM","open-redirect","Request origin is built from unvalidated forwarded host headers","src/app/api/ops/google-business-profile/_origin.ts",".deepsec/findings/MEDIUM/nabatableLP-open-redirect-ba4a77561e.md","SEC-006","Generic URL validation and redirect policy gaps","Web/API owner","Sprint 2","xss;data-integrity;needs-regression"
"open-redirect-ca79f04dc8","MEDIUM","open-redirect","OAuth callback redirects using unvalidated request origin","src/app/api/ops/google-business-profile/callback/route.ts",".deepsec/findings/MEDIUM/nabatableLP-open-redirect-ca79f04dc8.md","SEC-006","Generic URL validation and redirect policy gaps","Web/API owner","Sprint 2","xss;data-integrity;needs-regression"
"open-redirect-d3889f4f38","MEDIUM","open-redirect","Implicit auth handler permits backslash-based external redirects","src/components/layouts/EnhancedAuthLayout.tsx",".deepsec/findings/MEDIUM/nabatableLP-open-redirect-d3889f4f38.md","SEC-006","Generic URL validation and redirect policy gaps","Web/API owner","Sprint 2","xss;data-integrity;needs-regression"
"open-redirect-d3dc413699","MEDIUM","open-redirect","Callback redirects trust forwarded host headers","src/app/api/ops/restaurants/[id]/google-business/callback/route.ts",".deepsec/findings/MEDIUM/nabatableLP-open-redirect-d3dc413699.md","SEC-006","Generic URL validation and redirect policy gaps","Web/API owner","Sprint 2","xss;data-integrity;needs-regression"
"open-redirect-facad85bd8","MEDIUM","open-redirect","OAuth callback redirects trust forwarded host headers","src/app/api/ops/restaurants/[id]/google-business/callback/route.ts",".deepsec/findings/MEDIUM/nabatableLP-open-redirect-facad85bd8.md","SEC-006","Generic URL validation and redirect policy gaps","Web/API owner","Sprint 2","xss;data-integrity;needs-regression"
"other-auth-binding-spoof-acea4dcd3b","MEDIUM","other-auth-binding-spoof","Generic actor id is written as booking owner auth_user_id","server/booking/BookingValidationService.ts",".deepsec/findings/MEDIUM/nabatableLP-other-auth-binding-spoof-acea4dcd3b.md","SEC-010","Data integrity, races, and idempotency","Domain workflow owner","Sprint 3","data-integrity;high-bug;needs-regression"
"other-booking-flow-abuse-5f2d4f8cc6","MEDIUM","other-booking-flow-abuse","Online party-size cap is only enforced client-side","reserve/features/reservations/wizard/ui/steps/plan-step/components/PartySizeField.tsx",".deepsec/findings/MEDIUM/nabatableLP-other-booking-flow-abuse-5f2d4f8cc6.md","SEC-011","Schema, migration, and contract drift","Data/platform owner","Sprint 3","data-integrity;needs-migration;needs-regression"
"other-business-logic-abuse-28c178ceed","MEDIUM","other-business-logic-abuse","Unbounded booking duration bypasses operating-window limits","server/booking/BookingValidationService.ts",".deepsec/findings/MEDIUM/nabatableLP-other-business-logic-abuse-28c178ceed.md","SEC-010","Data integrity, races, and idempotency","Domain workflow owner","Sprint 3","data-integrity;high-bug;needs-regression"
"other-business-rule-bypass-873889bf4d","MEDIUM","other-business-rule-bypass","Session-recovery guest mutations bypass self-service cutoff checks","src/app/api/bookings/[id]/route.ts",".deepsec/findings/MEDIUM/nabatableLP-other-business-rule-bypass-873889bf4d.md","SEC-001","Account takeover and auth-token exposure","Auth owner","Sprint 1","security-critical;account-takeover;secrets;needs-regression"
"other-ci-supply-chain-c2d8239147","MEDIUM","other-ci-supply-chain","GitHub Actions are referenced by mutable major tags",".github/workflows/shadcn-primitives.yml",".deepsec/findings/MEDIUM/nabatableLP-other-ci-supply-chain-c2d8239147.md","SEC-012","Security-adjacent correctness backlog","Feature owner","Sprint 4","high-bug;needs-regression"
"other-csrf-03026d4432","MEDIUM","other-csrf","Drink import POST omits CSRF protection","src/services/ops/drinks-menu.ts",".deepsec/findings/MEDIUM/nabatableLP-other-csrf-03026d4432.md","SEC-005","Missing CSRF on session-cookie mutations","Web/API owner","Sprint 2","csrf;needs-regression"
"other-csrf-06f2ac6529","MEDIUM","other-csrf","Missing CSRF validation on booking check-out mutation","src/app/api/ops/bookings/[id]/check-out/route.ts",".deepsec/findings/MEDIUM/nabatableLP-other-csrf-06f2ac6529.md","SEC-002","Service-role before tenant authorization","Platform/API owner","Sprint 1","security-critical;tenant-isolation;service-role;needs-regression"
"other-csrf-0930dd5b33","MEDIUM","other-csrf","Sign-out endpoint mutates session cookies without CSRF validation","src/app/api/auth/signout/route.ts",".deepsec/findings/MEDIUM/nabatableLP-other-csrf-0930dd5b33.md","SEC-005","Missing CSRF on session-cookie mutations","Web/API owner","Sprint 2","csrf;needs-regression"
"other-csrf-0e58923b89","MEDIUM","other-csrf","Food menu mutations rely on session cookies without server-side CSRF validation","src/components/features/menu/FoodMenuManagementPanel.tsx",".deepsec/findings/MEDIUM/nabatableLP-other-csrf-0e58923b89.md","SEC-002","Service-role before tenant authorization","Platform/API owner","Sprint 1","security-critical;tenant-isolation;service-role;needs-regression"
"other-csrf-0f163a57e8","MEDIUM","other-csrf","Hold-creating quote POST lacks CSRF validation","src/app/api/staff/auto/quote/route.ts",".deepsec/findings/MEDIUM/nabatableLP-other-csrf-0f163a57e8.md","SEC-002","Service-role before tenant authorization","Platform/API owner","Sprint 1","security-critical;tenant-isolation;service-role;needs-regression"
"other-csrf-1dd4653490","MEDIUM","other-csrf","State-changing OAuth initiation is exposed as GET","src/app/api/ops/restaurants/[id]/google-business-profile/connect/route.ts",".deepsec/findings/MEDIUM/nabatableLP-other-csrf-1dd4653490.md","SEC-005","Missing CSRF on session-cookie mutations","Web/API owner","Sprint 2","csrf;needs-regression"
"other-csrf-21c6d31c97","MEDIUM","other-csrf","Drink import mutation lacks CSRF enforcement","src/services/ops/drinks-menu.ts",".deepsec/findings/MEDIUM/nabatableLP-other-csrf-21c6d31c97.md","SEC-002","Service-role before tenant authorization","Platform/API owner","Sprint 1","security-critical;tenant-isolation;service-role;needs-regression"
"other-csrf-261fd30419","MEDIUM","other-csrf","Deprecated status mutation lacks CSRF validation","src/app/api/ops/bookings/[id]/status/route.ts",".deepsec/findings/MEDIUM/nabatableLP-other-csrf-261fd30419.md","SEC-005","Missing CSRF on session-cookie mutations","Web/API owner","Sprint 2","csrf;needs-regression"
"other-csrf-2834730044","MEDIUM","other-csrf","Restaurant logo upload does not validate CSRF tokens","src/app/api/ops/restaurants/[id]/logo/route.ts",".deepsec/findings/MEDIUM/nabatableLP-other-csrf-2834730044.md","SEC-002","Service-role before tenant authorization","Platform/API owner","Sprint 1","security-critical;tenant-isolation;service-role;needs-regression"
"other-csrf-36c08fd27d","MEDIUM","other-csrf","Cookie-authenticated menu item creation lacks CSRF validation","src/app/api/ops/restaurants/[id]/menu/items/route.ts",".deepsec/findings/MEDIUM/nabatableLP-other-csrf-36c08fd27d.md","SEC-005","Missing CSRF on session-cookie mutations","Web/API owner","Sprint 2","csrf;needs-regression"
"other-csrf-39e10482a4","MEDIUM","other-csrf","FoodMenus review decision POST lacks CSRF validation","src/app/api/ops/restaurants/[id]/google-business-profile/food-menus/import-review/[reviewId]/decision/route.ts",".deepsec/findings/MEDIUM/nabatableLP-other-csrf-39e10482a4.md","SEC-005","Missing CSRF on session-cookie mutations","Web/API owner","Sprint 2","csrf;needs-regression"
"other-csrf-40cf5a06c0","MEDIUM","other-csrf","Menu import mutation lacks CSRF enforcement","src/services/ops/menu.ts",".deepsec/findings/MEDIUM/nabatableLP-other-csrf-40cf5a06c0.md","SEC-002","Service-role before tenant authorization","Platform/API owner","Sprint 1","security-critical;tenant-isolation;service-role;needs-regression"
"other-csrf-418cb15a20","MEDIUM","other-csrf","Location selection POST lacks CSRF validation","src/app/api/ops/restaurants/[id]/google-business/locations/select/route.ts",".deepsec/findings/MEDIUM/nabatableLP-other-csrf-418cb15a20.md","SEC-002","Service-role before tenant authorization","Platform/API owner","Sprint 1","security-critical;tenant-isolation;service-role;needs-regression"
"other-csrf-4487f2d103","MEDIUM","other-csrf","Table inventory mutations lack server-side CSRF enforcement","src/services/ops/tables.ts",".deepsec/findings/MEDIUM/nabatableLP-other-csrf-4487f2d103.md","SEC-002","Service-role before tenant authorization","Platform/API owner","Sprint 1","security-critical;tenant-isolation;service-role;needs-regression"
"other-csrf-499de0cc88","MEDIUM","other-csrf","Zone creation does not validate the CSRF token","src/app/api/ops/zones/route.ts",".deepsec/findings/MEDIUM/nabatableLP-other-csrf-499de0cc88.md","SEC-002","Service-role before tenant authorization","Platform/API owner","Sprint 1","security-critical;tenant-isolation;service-role;needs-regression"
"other-csrf-4b7f3ca327","MEDIUM","other-csrf","No CSRF validation on admin CSV import","src/app/api/ops/restaurants/[id]/drinks/import/route.ts",".deepsec/findings/MEDIUM/nabatableLP-other-csrf-4b7f3ca327.md","SEC-005","Missing CSRF on session-cookie mutations","Web/API owner","Sprint 2","csrf;needs-regression"
"other-csrf-52656a3218","MEDIUM","other-csrf","State-changing import review POST lacks CSRF validation","src/app/api/ops/restaurants/[id]/google-business-profile/food-menus/import-review/route.ts",".deepsec/findings/MEDIUM/nabatableLP-other-csrf-52656a3218.md","SEC-002","Service-role before tenant authorization","Platform/API owner","Sprint 1","security-critical;tenant-isolation;service-role;needs-regression"
"other-csrf-54134a55d6","MEDIUM","other-csrf","Email delivery retry POST bypasses the CSRF helper","src/services/ops/bookings.ts",".deepsec/findings/MEDIUM/nabatableLP-other-csrf-54134a55d6.md","SEC-002","Service-role before tenant authorization","Platform/API owner","Sprint 1","security-critical;tenant-isolation;service-role;needs-regression"
"other-csrf-60f0620f3e","MEDIUM","other-csrf","Undo no-show endpoint does not enforce CSRF","src/app/api/ops/bookings/[id]/undo-no-show/route.ts",".deepsec/findings/MEDIUM/nabatableLP-other-csrf-60f0620f3e.md","SEC-005","Missing CSRF on session-cookie mutations","Web/API owner","Sprint 2","csrf;needs-regression"
"other-csrf-66c04aee28","MEDIUM","other-csrf","State-changing restaurant ops requests lack server-side CSRF enforcement","src/services/ops/restaurants.ts",".deepsec/findings/MEDIUM/nabatableLP-other-csrf-66c04aee28.md","SEC-005","Missing CSRF on session-cookie mutations","Web/API owner","Sprint 2","csrf;needs-regression"
"other-csrf-6ce12f9c78","MEDIUM","other-csrf","Mutating booking lifecycle endpoint does not enforce CSRF","src/app/api/ops/bookings/[id]/no-show/route.ts",".deepsec/findings/MEDIUM/nabatableLP-other-csrf-6ce12f9c78.md","SEC-005","Missing CSRF on session-cookie mutations","Web/API owner","Sprint 2","csrf;needs-regression"
"other-csrf-73f0a7fd21","MEDIUM","other-csrf","Drink CSV import apply path lacks CSRF protection at the API boundary","src/components/features/menu/DrinkImportDialog.tsx",".deepsec/findings/MEDIUM/nabatableLP-other-csrf-73f0a7fd21.md","SEC-005","Missing CSRF on session-cookie mutations","Web/API owner","Sprint 2","csrf;needs-regression"
"other-csrf-7a56e72455","MEDIUM","other-csrf","Cookie-authenticated drink item creation lacks CSRF validation","src/app/api/ops/restaurants/[id]/drinks/items/route.ts",".deepsec/findings/MEDIUM/nabatableLP-other-csrf-7a56e72455.md","SEC-002","Service-role before tenant authorization","Platform/API owner","Sprint 1","security-critical;tenant-isolation;service-role;needs-regression"
"other-csrf-7d224d78bd","MEDIUM","other-csrf","FoodMenus refresh mutation lacks CSRF validation","src/app/api/ops/restaurants/[id]/google-business-profile/food-menus/import-review/refresh/route.ts",".deepsec/findings/MEDIUM/nabatableLP-other-csrf-7d224d78bd.md","SEC-005","Missing CSRF on session-cookie mutations","Web/API owner","Sprint 2","csrf;needs-regression"
"other-csrf-81eaf54e4d","MEDIUM","other-csrf","Drink item create/update mutations are accepted without server-side CSRF checks","src/components/features/menu/DrinkMenuManagementPanel.tsx",".deepsec/findings/MEDIUM/nabatableLP-other-csrf-81eaf54e4d.md","SEC-005","Missing CSRF on session-cookie mutations","Web/API owner","Sprint 2","csrf;needs-regression"
"other-csrf-8aec014365","MEDIUM","other-csrf","FoodMenus mutation endpoints rely on session cookies without server-side CSRF validation","src/components/features/restaurant-settings/dual-sync/FoodMenusImportReviewPanel.tsx",".deepsec/findings/MEDIUM/nabatableLP-other-csrf-8aec014365.md","SEC-005","Missing CSRF on session-cookie mutations","Web/API owner","Sprint 2","csrf;needs-regression"
"other-csrf-8b4fa5f5cf","MEDIUM","other-csrf","Draft creation POST lacks CSRF validation","src/app/api/ops/restaurants/[id]/google-business-profile/drafts/route.ts",".deepsec/findings/MEDIUM/nabatableLP-other-csrf-8b4fa5f5cf.md","SEC-005","Missing CSRF on session-cookie mutations","Web/API owner","Sprint 2","csrf;needs-regression"
"other-csrf-8bd0714045","MEDIUM","other-csrf","Email retry mutation is CSRFable and unthrottled","src/services/ops/bookings.ts",".deepsec/findings/MEDIUM/nabatableLP-other-csrf-8bd0714045.md","SEC-005","Missing CSRF on session-cookie mutations","Web/API owner","Sprint 2","csrf;needs-regression"
"other-csrf-95fcc04b72","MEDIUM","other-csrf","Table and zone mutations do not enforce CSRF validation","src/app/app/(app)/settings/restaurant/tables/page.tsx",".deepsec/findings/MEDIUM/nabatableLP-other-csrf-95fcc04b72.md","SEC-005","Missing CSRF on session-cookie mutations","Web/API owner","Sprint 2","csrf;needs-regression"
"other-csrf-980ac89730","MEDIUM","other-csrf","Menu item update does not validate CSRF tokens","src/app/api/ops/restaurants/[id]/menu/items/[itemId]/route.ts",".deepsec/findings/MEDIUM/nabatableLP-other-csrf-980ac89730.md","SEC-002","Service-role before tenant authorization","Platform/API owner","Sprint 1","security-critical;tenant-isolation;service-role;needs-regression"
"other-csrf-9d51aa894e","MEDIUM","other-csrf","Profile avatar upload does not validate CSRF tokens","src/app/api/profile/image/route.ts",".deepsec/findings/MEDIUM/nabatableLP-other-csrf-9d51aa894e.md","SEC-005","Missing CSRF on session-cookie mutations","Web/API owner","Sprint 2","csrf;needs-regression"
"other-csrf-a0cdea63c9","MEDIUM","other-csrf","Dual-sync mutation endpoints do not validate CSRF tokens server-side","src/components/features/restaurant-settings/dual-sync/DualSyncShell.tsx",".deepsec/findings/MEDIUM/nabatableLP-other-csrf-a0cdea63c9.md","SEC-002","Service-role before tenant authorization","Platform/API owner","Sprint 1","security-critical;tenant-isolation;service-role;needs-regression"
"other-csrf-ae00efa4f2","MEDIUM","other-csrf","Missing CSRF validation on booking check-in mutation","src/app/api/ops/bookings/[id]/check-in/route.ts",".deepsec/findings/MEDIUM/nabatableLP-other-csrf-ae00efa4f2.md","SEC-005","Missing CSRF on session-cookie mutations","Web/API owner","Sprint 2","csrf;needs-regression"
"other-csrf-b2e9b1e60b","MEDIUM","other-csrf","No CSRF validation on booking no-show mutation","src/app/api/ops/bookings/[id]/no-show/route.ts",".deepsec/findings/MEDIUM/nabatableLP-other-csrf-b2e9b1e60b.md","SEC-005","Missing CSRF on session-cookie mutations","Web/API owner","Sprint 2","csrf;needs-regression"
"other-csrf-b38414d482","MEDIUM","other-csrf","Drink create/update mutations rely on session cookies without server-side CSRF validation","src/components/features/menu/DrinkMenuManagementPanel.tsx",".deepsec/findings/MEDIUM/nabatableLP-other-csrf-b38414d482.md","SEC-002","Service-role before tenant authorization","Platform/API owner","Sprint 1","security-critical;tenant-isolation;service-role;needs-regression"
"other-csrf-b4efa508eb","MEDIUM","other-csrf","Manual Google Business sync POST lacks CSRF validation","src/app/api/ops/restaurants/[id]/google-business/sync/route.ts",".deepsec/findings/MEDIUM/nabatableLP-other-csrf-b4efa508eb.md","SEC-005","Missing CSRF on session-cookie mutations","Web/API owner","Sprint 2","csrf;needs-regression"
"other-csrf-c00264cdc4","MEDIUM","other-csrf","No CSRF validation on undo no-show mutation","src/app/api/ops/bookings/[id]/undo-no-show/route.ts",".deepsec/findings/MEDIUM/nabatableLP-other-csrf-c00264cdc4.md","SEC-002","Service-role before tenant authorization","Platform/API owner","Sprint 1","security-critical;tenant-isolation;service-role;needs-regression"
"other-csrf-c2b459475c","MEDIUM","other-csrf","Google FoodMenus publish does not validate CSRF tokens","src/app/api/ops/restaurants/[id]/google-business-profile/food-menus/publish/route.ts",".deepsec/findings/MEDIUM/nabatableLP-other-csrf-c2b459475c.md","SEC-002","Service-role before tenant authorization","Platform/API owner","Sprint 1","security-critical;tenant-isolation;service-role;needs-regression"
"other-csrf-c53afb76d6","MEDIUM","other-csrf","Cookie-authenticated menu import mutation lacks CSRF validation","src/app/api/ops/restaurants/[id]/menu/import/route.ts",".deepsec/findings/MEDIUM/nabatableLP-other-csrf-c53afb76d6.md","SEC-002","Service-role before tenant authorization","Platform/API owner","Sprint 1","security-critical;tenant-isolation;service-role;needs-regression"
"other-csrf-c61de85d99","MEDIUM","other-csrf","Table assignment mutations rely on session cookies without server-side CSRF validation","src/components/features/dashboard/booking-details/components/TableAssignmentPanel.tsx",".deepsec/findings/MEDIUM/nabatableLP-other-csrf-c61de85d99.md","SEC-005","Missing CSRF on session-cookie mutations","Web/API owner","Sprint 2","csrf;needs-regression"
"other-csrf-cb39c8767c","MEDIUM","other-csrf","Email retry action is backed by a cookie-authenticated POST without CSRF protection","src/components/features/email-delivery/components/OpsEmailDeliveryTable.tsx",".deepsec/findings/MEDIUM/nabatableLP-other-csrf-cb39c8767c.md","SEC-005","Missing CSRF on session-cookie mutations","Web/API owner","Sprint 2","csrf;needs-regression"
"other-csrf-cd2ce2a8a1","MEDIUM","other-csrf","Avatar upload calls a session-cookie mutation endpoint without server-side CSRF enforcement","hooks/useProfile.ts",".deepsec/findings/MEDIUM/nabatableLP-other-csrf-cd2ce2a8a1.md","SEC-002","Service-role before tenant authorization","Platform/API owner","Sprint 1","security-critical;tenant-isolation;service-role;needs-regression"
"other-csrf-d430a9a329","MEDIUM","other-csrf","Auto-assignment confirmation does not validate the CSRF token","src/app/api/staff/auto/confirm/route.ts",".deepsec/findings/MEDIUM/nabatableLP-other-csrf-d430a9a329.md","SEC-005","Missing CSRF on session-cookie mutations","Web/API owner","Sprint 2","csrf;needs-regression"
"other-csrf-dd563d66c9","MEDIUM","other-csrf","Cookie-authenticated booking creation lacks CSRF validation","src/app/api/ops/bookings/route.ts",".deepsec/findings/MEDIUM/nabatableLP-other-csrf-dd563d66c9.md","SEC-002","Service-role before tenant authorization","Platform/API owner","Sprint 1","security-critical;tenant-isolation;service-role;needs-regression"
"other-csrf-dd9a909cd5","MEDIUM","other-csrf","Drink import apply flow relies on cookie auth without server-side CSRF enforcement","src/components/features/menu/DrinkImportDialog.tsx",".deepsec/findings/MEDIUM/nabatableLP-other-csrf-dd9a909cd5.md","SEC-005","Missing CSRF on session-cookie mutations","Web/API owner","Sprint 2","csrf;needs-regression"
"other-csrf-eca7b81ded","MEDIUM","other-csrf","Zone mutation endpoints do not validate CSRF tokens","src/app/api/ops/zones/[id]/route.ts",".deepsec/findings/MEDIUM/nabatableLP-other-csrf-eca7b81ded.md","SEC-005","Missing CSRF on session-cookie mutations","Web/API owner","Sprint 2","csrf;needs-regression"
"other-csrf-ed271b4db7","MEDIUM","other-csrf","Cookie-authenticated preflight mutation lacks CSRF validation","src/app/api/ops/restaurants/[id]/google-business-profile/drafts/[draftId]/publish/preflight/route.ts",".deepsec/findings/MEDIUM/nabatableLP-other-csrf-ed271b4db7.md","SEC-002","Service-role before tenant authorization","Platform/API owner","Sprint 1","security-critical;tenant-isolation;service-role;needs-regression"
"other-csrf-f08c338abe","MEDIUM","other-csrf","Food menu mutations are exposed through cookie-authenticated endpoints without CSRF enforcement","src/components/features/menu/FoodMenuManagementPanel.tsx",".deepsec/findings/MEDIUM/nabatableLP-other-csrf-f08c338abe.md","SEC-002","Service-role before tenant authorization","Platform/API owner","Sprint 1","security-critical;tenant-isolation;service-role;needs-regression"
"other-csrf-f11e52845c","MEDIUM","other-csrf","Missing CSRF validation on persistent session-cookie POST","src/app/api/ops/restaurants/[id]/google-business-profile/food-menus/projection/route.ts",".deepsec/findings/MEDIUM/nabatableLP-other-csrf-f11e52845c.md","SEC-002","Service-role before tenant authorization","Platform/API owner","Sprint 1","security-critical;tenant-isolation;service-role;needs-regression"
"other-csrf-f5e089ee03","MEDIUM","other-csrf","Retry email mutation lacks CSRF protection","src/components/features/email-delivery/useOpsEmailDeliveryRetryState.ts",".deepsec/findings/MEDIUM/nabatableLP-other-csrf-f5e089ee03.md","SEC-002","Service-role before tenant authorization","Platform/API owner","Sprint 1","security-critical;tenant-isolation;service-role;needs-regression"
"other-csrf-f62fbea113","MEDIUM","other-csrf","Menu import POST omits CSRF protection","src/services/ops/menu.ts",".deepsec/findings/MEDIUM/nabatableLP-other-csrf-f62fbea113.md","SEC-005","Missing CSRF on session-cookie mutations","Web/API owner","Sprint 2","csrf;needs-regression"
"other-csrf-f95c4382ac","MEDIUM","other-csrf","Cookie-authenticated draft update lacks CSRF validation","src/app/api/ops/restaurants/[id]/google-business-profile/drafts/[draftId]/route.ts",".deepsec/findings/MEDIUM/nabatableLP-other-csrf-f95c4382ac.md","SEC-005","Missing CSRF on session-cookie mutations","Web/API owner","Sprint 2","csrf;needs-regression"
"other-csrf-fd095e53f3","MEDIUM","other-csrf","OAuth initiation POST lacks CSRF validation","src/app/api/ops/restaurants/[id]/google-business/connect/route.ts",".deepsec/findings/MEDIUM/nabatableLP-other-csrf-fd095e53f3.md","SEC-005","Missing CSRF on session-cookie mutations","Web/API owner","Sprint 2","csrf;needs-regression"
"other-csrf-fda1805195","MEDIUM","other-csrf","Team invitation mutations do not enforce CSRF validation","src/app/app/(app)/settings/restaurant/team/page.tsx",".deepsec/findings/MEDIUM/nabatableLP-other-csrf-fda1805195.md","SEC-001","Account takeover and auth-token exposure","Auth owner","Sprint 1","security-critical;account-takeover;secrets;needs-regression"
"other-csv-formula-injection-0b25548101","MEDIUM","other-csv-formula-injection","Customer export can include formula-injection payloads from guest data","server/ops/customers.ts",".deepsec/findings/MEDIUM/nabatableLP-other-csv-formula-injection-0b25548101.md","SEC-007","Stored/reflected XSS and output encoding","Frontend/platform owner","Sprint 2","xss;needs-regression"
"other-csv-formula-injection-11c104b3ab","MEDIUM","other-csv-formula-injection","CSV export does not neutralize spreadsheet formulas","lib/export/csv.ts",".deepsec/findings/MEDIUM/nabatableLP-other-csv-formula-injection-11c104b3ab.md","SEC-007","Stored/reflected XSS and output encoding","Frontend/platform owner","Sprint 2","xss;needs-regression"
"other-csv-formula-injection-26cba9b7a3","MEDIUM","other-csv-formula-injection","Guest-controlled customer names flow into customer CSV export","server/ops/customers.ts",".deepsec/findings/MEDIUM/nabatableLP-other-csv-formula-injection-26cba9b7a3.md","SEC-007","Stored/reflected XSS and output encoding","Frontend/platform owner","Sprint 2","xss;needs-regression"
"other-csv-formula-injection-529e1576de","MEDIUM","other-csv-formula-injection","Guest-controlled booking fields can reach CSV exports as spreadsheet formulas","server/ops/bookings.ts",".deepsec/findings/MEDIUM/nabatableLP-other-csv-formula-injection-529e1576de.md","SEC-007","Stored/reflected XSS and output encoding","Frontend/platform owner","Sprint 2","xss;needs-regression"
"other-csv-formula-injection-af8a1cb1d7","MEDIUM","other-csv-formula-injection","CSV exports do not neutralize spreadsheet formulas","lib/export/csv.ts",".deepsec/findings/MEDIUM/nabatableLP-other-csv-formula-injection-af8a1cb1d7.md","SEC-007","Stored/reflected XSS and output encoding","Frontend/platform owner","Sprint 2","xss;needs-regression"
"other-csv-formula-injection-d23404509e","MEDIUM","other-csv-formula-injection","Guest-controlled booking fields are exported to CSV without formula neutralization","src/app/api/ops/bookings/export/route.ts",".deepsec/findings/MEDIUM/nabatableLP-other-csv-formula-injection-d23404509e.md","SEC-007","Stored/reflected XSS and output encoding","Frontend/platform owner","Sprint 2","xss;needs-regression"
"other-csv-formula-injection-dc337255fc","MEDIUM","other-csv-formula-injection","Guest-controlled booking fields flow into CSV export without formula neutralization","server/ops/bookings.ts",".deepsec/findings/MEDIUM/nabatableLP-other-csv-formula-injection-dc337255fc.md","SEC-007","Stored/reflected XSS and output encoding","Frontend/platform owner","Sprint 2","xss;needs-regression"
"other-csv-formula-injection-e438e4a057","MEDIUM","other-csv-formula-injection","Guest-controlled booking fields are exported without spreadsheet formula neutralization","src/app/api/ops/bookings/export/route.ts",".deepsec/findings/MEDIUM/nabatableLP-other-csv-formula-injection-e438e4a057.md","SEC-007","Stored/reflected XSS and output encoding","Frontend/platform owner","Sprint 2","xss;needs-regression"
"other-csv-formula-injection-e4ac2b2956","MEDIUM","other-csv-formula-injection","Customer CSV export allows spreadsheet formula injection","src/components/features/customers/ExportCustomersButton.tsx",".deepsec/findings/MEDIUM/nabatableLP-other-csv-formula-injection-e4ac2b2956.md","SEC-007","Stored/reflected XSS and output encoding","Frontend/platform owner","Sprint 2","xss;needs-regression"
"other-csv-formula-injection-e8f6f08ee0","MEDIUM","other-csv-formula-injection","Customer CSV export allows spreadsheet formula injection","src/app/api/ops/customers/export/route.ts",".deepsec/findings/MEDIUM/nabatableLP-other-csv-formula-injection-e8f6f08ee0.md","SEC-007","Stored/reflected XSS and output encoding","Frontend/platform owner","Sprint 2","xss;needs-regression"
"other-csv-injection-37612b2278","MEDIUM","other-csv-injection","Guest-controlled CSV fields can execute spreadsheet formulas","src/app/api/ops/customers/export/route.ts",".deepsec/findings/MEDIUM/nabatableLP-other-csv-injection-37612b2278.md","SEC-002","Service-role before tenant authorization","Platform/API owner","Sprint 1","security-critical;tenant-isolation;service-role;needs-regression"
"other-dos-707f3d1739","MEDIUM","other-dos","Webhook reads full unauthenticated body before cheap rejection","src/app/api/webhook/resend/route.ts",".deepsec/findings/MEDIUM/nabatableLP-other-dos-707f3d1739.md","SEC-009","Rate limiting and abuse controls","Platform/API owner","Sprint 2","rate-limit;needs-regression"
"other-env-validation-bypass-8ddf62229a","MEDIUM","other-env-validation-bypass","Dual-sync failure webhook bypasses the validated env layer","server/dual-sync/notifications/index.ts",".deepsec/findings/MEDIUM/nabatableLP-other-env-validation-bypass-8ddf62229a.md","SEC-002","Service-role before tenant authorization","Platform/API owner","Sprint 1","security-critical;tenant-isolation;service-role;needs-regression"
"other-env-validation-bypass-a34db0c21d","MEDIUM","other-env-validation-bypass","Dual-sync webhook URL bypasses the validated environment layer","server/dual-sync/notifications/index.ts",".deepsec/findings/MEDIUM/nabatableLP-other-env-validation-bypass-a34db0c21d.md","SEC-002","Service-role before tenant authorization","Platform/API owner","Sprint 1","security-critical;tenant-isolation;service-role;needs-regression"
"other-feature-flag-bypass-0558c07e04","MEDIUM","other-feature-flag-bypass","Rejection analytics feature flag is enforced only client-side","src/contexts/ops-session.tsx",".deepsec/findings/MEDIUM/nabatableLP-other-feature-flag-bypass-0558c07e04.md","SEC-002","Service-role before tenant authorization","Platform/API owner","Sprint 1","security-critical;tenant-isolation;service-role;needs-regression"
"other-feature-flag-bypass-f60f407b7c","MEDIUM","other-feature-flag-bypass","Client-only rejection analytics feature gate is bypassable","src/contexts/ops-session.tsx",".deepsec/findings/MEDIUM/nabatableLP-other-feature-flag-bypass-f60f407b7c.md","SEC-002","Service-role before tenant authorization","Platform/API owner","Sprint 1","security-critical;tenant-isolation;service-role;needs-regression"
"other-info-disclosure-05b61e8d62","MEDIUM","other-info-disclosure","Service-role booking lookup runs before authentication","src/app/api/reservations/[id]/confirmation/route.ts",".deepsec/findings/MEDIUM/nabatableLP-other-info-disclosure-05b61e8d62.md","SEC-001","Account takeover and auth-token exposure","Auth owner","Sprint 1","security-critical;account-takeover;secrets;needs-regression"
"other-info-disclosure-12eabf37df","MEDIUM","other-info-disclosure","SMS dashboard fetch exposes provider metadata that the UI does not need","src/components/features/sms-delivery/OpsSmsDeliveryClient.tsx",".deepsec/findings/MEDIUM/nabatableLP-other-info-disclosure-12eabf37df.md","SEC-002","Service-role before tenant authorization","Platform/API owner","Sprint 1","security-critical;tenant-isolation;service-role;needs-regression"
"other-info-disclosure-1eec936a4e","MEDIUM","other-info-disclosure","Restaurant creation returns raw internal error messages","src/app/api/ops/restaurants/route.ts",".deepsec/findings/MEDIUM/nabatableLP-other-info-disclosure-1eec936a4e.md","SEC-002","Service-role before tenant authorization","Platform/API owner","Sprint 1","security-critical;tenant-isolation;service-role;needs-regression"
"other-info-disclosure-2b0b06034f","MEDIUM","other-info-disclosure","Public availability endpoint exposes exact booking capacity data","src/app/api/availability/route.ts",".deepsec/findings/MEDIUM/nabatableLP-other-info-disclosure-2b0b06034f.md","SEC-002","Service-role before tenant authorization","Platform/API owner","Sprint 1","security-critical;tenant-isolation;service-role;needs-regression"
"other-info-disclosure-6a9e3a26f0","MEDIUM","other-info-disclosure","Guest booking history returns internal actor identifiers","src/app/api/bookings/[id]/history/route.ts",".deepsec/findings/MEDIUM/nabatableLP-other-info-disclosure-6a9e3a26f0.md","SEC-001","Account takeover and auth-token exposure","Auth owner","Sprint 1","security-critical;account-takeover;secrets;needs-regression"
"other-info-disclosure-779414175a","MEDIUM","other-info-disclosure","Public availability endpoint discloses internal booking volume and capacity metrics","src/app/api/availability/route.ts",".deepsec/findings/MEDIUM/nabatableLP-other-info-disclosure-779414175a.md","SEC-002","Service-role before tenant authorization","Platform/API owner","Sprint 1","security-critical;tenant-isolation;service-role;needs-regression"
"other-info-disclosure-7caefae12b","MEDIUM","other-info-disclosure","Customer PII is written to server logs","server/customers.ts",".deepsec/findings/MEDIUM/nabatableLP-other-info-disclosure-7caefae12b.md","SEC-004","Production data scripts lack target safety","Data operations owner","Sprint 1","high-bug;service-role;data-integrity;needs-prod-config"
"other-info-disclosure-a7fe8a60e8","MEDIUM","other-info-disclosure","Guest booking history can expose raw staff actor identifiers","server/bookingHistory.ts",".deepsec/findings/MEDIUM/nabatableLP-other-info-disclosure-a7fe8a60e8.md","SEC-001","Account takeover and auth-token exposure","Auth owner","Sprint 1","security-critical;account-takeover;secrets;needs-regression"
"other-info-disclosure-b299810338","MEDIUM","other-info-disclosure","Internal Supabase and assignment errors are returned to clients","src/app/api/staff/auto/confirm/route.ts",".deepsec/findings/MEDIUM/nabatableLP-other-info-disclosure-b299810338.md","SEC-002","Service-role before tenant authorization","Platform/API owner","Sprint 1","security-critical;tenant-isolation;service-role;needs-regression"
"other-info-disclosure-ce9d7a09bc","MEDIUM","other-info-disclosure","Guest booking lookup returns raw booking records including secret fields","src/app/api/bookings/route.ts",".deepsec/findings/MEDIUM/nabatableLP-other-info-disclosure-ce9d7a09bc.md","SEC-001","Account takeover and auth-token exposure","Auth owner","Sprint 1","security-critical;account-takeover;secrets;needs-regression"
"other-info-disclosure-d2db230506","MEDIUM","other-info-disclosure","Booking creation RPC logs full guest PII payloads","server/capacity/transaction.ts",".deepsec/findings/MEDIUM/nabatableLP-other-info-disclosure-d2db230506.md","SEC-004","Production data scripts lack target safety","Data operations owner","Sprint 1","high-bug;service-role;data-integrity;needs-prod-config"
"other-info-disclosure-dd6c39a988","MEDIUM","other-info-disclosure","Reservation existence oracle before authorization","src/app/api/reservations/[id]/confirmation/route.ts",".deepsec/findings/MEDIUM/nabatableLP-other-info-disclosure-dd6c39a988.md","SEC-001","Account takeover and auth-token exposure","Auth owner","Sprint 1","security-critical;account-takeover;secrets;needs-regression"
"other-info-disclosure-e9442edfc4","MEDIUM","other-info-disclosure","Analytics helper forwards sensitive operational metadata without redaction","lib/analytics.ts",".deepsec/findings/MEDIUM/nabatableLP-other-info-disclosure-e9442edfc4.md","SEC-001","Account takeover and auth-token exposure","Auth owner","Sprint 1","security-critical;account-takeover;secrets;needs-regression"
"other-insecure-cookie-93e7a9411e","MEDIUM","other-insecure-cookie","Production Supabase auth cookies can be set without Secure","server/supabase.ts",".deepsec/findings/MEDIUM/nabatableLP-other-insecure-cookie-93e7a9411e.md","SEC-004","Production data scripts lack target safety","Data operations owner","Sprint 1","high-bug;service-role;data-integrity;needs-prod-config"
"other-insecure-tls-0e77ea5168","MEDIUM","other-insecure-tls","Direct Postgres connection disables certificate verification","scripts/import-old-school-house-drinks-staging.ts",".deepsec/findings/MEDIUM/nabatableLP-other-insecure-tls-0e77ea5168.md","SEC-004","Production data scripts lack target safety","Data operations owner","Sprint 1","high-bug;service-role;data-integrity;needs-prod-config"
"other-insecure-tls-27b0f88e18","MEDIUM","other-insecure-tls","Region probing disables Postgres certificate verification","scripts/find-supabase-region.ts",".deepsec/findings/MEDIUM/nabatableLP-other-insecure-tls-27b0f88e18.md","SEC-008","Secrets in logs, generated artifacts, or config","Infra/security owner","Sprint 2","secrets;needs-prod-config;needs-regression"
"other-insecure-tls-8d26d6085a","MEDIUM","other-insecure-tls","Performance baseline script disables database TLS verification","scripts/db-perf-baseline.ts",".deepsec/findings/MEDIUM/nabatableLP-other-insecure-tls-8d26d6085a.md","SEC-006","Generic URL validation and redirect policy gaps","Web/API owner","Sprint 2","xss;data-integrity;needs-regression"
"other-insecure-tls-bd228f7019","MEDIUM","other-insecure-tls","Postgres TLS certificate verification is disabled","scripts/staging/replay-perf-workload.ts",".deepsec/findings/MEDIUM/nabatableLP-other-insecure-tls-bd228f7019.md","SEC-004","Production data scripts lack target safety","Data operations owner","Sprint 1","high-bug;service-role;data-integrity;needs-prod-config"
"other-insecure-tls-be27a7d33b","MEDIUM","other-insecure-tls","Schema optimization connects to Postgres without certificate verification","scripts/run-schema-optimization.ts",".deepsec/findings/MEDIUM/nabatableLP-other-insecure-tls-be27a7d33b.md","SEC-006","Generic URL validation and redirect policy gaps","Web/API owner","Sprint 2","xss;data-integrity;needs-regression"
"other-insecure-tls-d56113d8de","MEDIUM","other-insecure-tls","SQL migration runner disables database TLS verification","scripts/apply-sql-file.ts",".deepsec/findings/MEDIUM/nabatableLP-other-insecure-tls-d56113d8de.md","SEC-006","Generic URL validation and redirect policy gaps","Web/API owner","Sprint 2","xss;data-integrity;needs-regression"
"other-insecure-tls-e0b459180a","MEDIUM","other-insecure-tls","Production database optimizer disables TLS certificate verification","scripts/run-production-optimization.ts",".deepsec/findings/MEDIUM/nabatableLP-other-insecure-tls-e0b459180a.md","SEC-004","Production data scripts lack target safety","Data operations owner","Sprint 1","high-bug;service-role;data-integrity;needs-prod-config"
"other-insecure-tls-fc384d5ef4","MEDIUM","other-insecure-tls","Postgres TLS certificate verification is disabled before applying SQL","scripts/apply-sql-file.ts",".deepsec/findings/MEDIUM/nabatableLP-other-insecure-tls-fc384d5ef4.md","SEC-006","Generic URL validation and redirect policy gaps","Web/API owner","Sprint 2","xss;data-integrity;needs-regression"
"other-insecure-tls-ff5669fc56","MEDIUM","other-insecure-tls","Supabase database TLS certificate verification is disabled","scripts/verify-zone-adjacencies.ts",".deepsec/findings/MEDIUM/nabatableLP-other-insecure-tls-ff5669fc56.md","SEC-008","Secrets in logs, generated artifacts, or config","Infra/security owner","Sprint 2","secrets;needs-prod-config;needs-regression"
"other-insecure-transport-8ecd3c2908","MEDIUM","other-insecure-transport","Privileged database fallback disables TLS certificate verification","scripts/ensure-auth-user.ts",".deepsec/findings/MEDIUM/nabatableLP-other-insecure-transport-8ecd3c2908.md","SEC-006","Generic URL validation and redirect policy gaps","Web/API owner","Sprint 2","xss;data-integrity;needs-regression"
"other-insecure-transport-ba0740ad44","MEDIUM","other-insecure-transport","Production DB fallback disables TLS certificate verification","scripts/grant-production-restaurant-access.ts",".deepsec/findings/MEDIUM/nabatableLP-other-insecure-transport-ba0740ad44.md","SEC-004","Production data scripts lack target safety","Data operations owner","Sprint 1","high-bug;service-role;data-integrity;needs-prod-config"
"other-insecure-transport-c1b4ebc5f7","MEDIUM","other-insecure-transport","Database TLS certificate verification is disabled","scripts/staging/replay-perf-workload.ts",".deepsec/findings/MEDIUM/nabatableLP-other-insecure-transport-c1b4ebc5f7.md","SEC-004","Production data scripts lack target safety","Data operations owner","Sprint 1","high-bug;service-role;data-integrity;needs-prod-config"
"other-login-csrf-f13953312e","MEDIUM","other-login-csrf","Implicit hash tokens are accepted without state binding","components/auth/ImplicitAuthHandler.tsx",".deepsec/findings/MEDIUM/nabatableLP-other-login-csrf-f13953312e.md","SEC-005","Missing CSRF on session-cookie mutations","Web/API owner","Sprint 2","csrf;needs-regression"
"other-missing-csrf-1885ad55f8","MEDIUM","other-missing-csrf","Cookie-authenticated booking creation lacks CSRF enforcement","src/app/api/ops/bookings/route.ts",".deepsec/findings/MEDIUM/nabatableLP-other-missing-csrf-1885ad55f8.md","SEC-002","Service-role before tenant authorization","Platform/API owner","Sprint 1","security-critical;tenant-isolation;service-role;needs-regression"
"other-missing-csrf-31f87857c6","MEDIUM","other-missing-csrf","Email retry POST lacks CSRF validation","src/app/api/ops/email-delivery/retry/route.ts",".deepsec/findings/MEDIUM/nabatableLP-other-missing-csrf-31f87857c6.md","SEC-005","Missing CSRF on session-cookie mutations","Web/API owner","Sprint 2","csrf;needs-regression"
"other-missing-csrf-4e73b90e95","MEDIUM","other-missing-csrf","Auto-export POST lacks CSRF validation","src/app/api/ops/restaurants/[id]/dual-sync/auto-export/route.ts",".deepsec/findings/MEDIUM/nabatableLP-other-missing-csrf-4e73b90e95.md","SEC-002","Service-role before tenant authorization","Platform/API owner","Sprint 1","security-critical;tenant-isolation;service-role;needs-regression"
"other-missing-csrf-7e7f8aad65","MEDIUM","other-missing-csrf","Admin auto-export POST lacks CSRF validation","src/app/api/ops/restaurants/[id]/dual-sync/auto-export/route.ts",".deepsec/findings/MEDIUM/nabatableLP-other-missing-csrf-7e7f8aad65.md","SEC-002","Service-role before tenant authorization","Platform/API owner","Sprint 1","security-critical;tenant-isolation;service-role;needs-regression"
"other-missing-csrf-973c53489f","MEDIUM","other-missing-csrf","Cookie-authenticated check-in mutation does not validate CSRF token","src/app/api/ops/bookings/[id]/check-in/route.ts",".deepsec/findings/MEDIUM/nabatableLP-other-missing-csrf-973c53489f.md","SEC-002","Service-role before tenant authorization","Platform/API owner","Sprint 1","security-critical;tenant-isolation;service-role;needs-regression"
"other-missing-csrf-a43832a5b3","MEDIUM","other-missing-csrf","Cookie-authenticated check-out mutation does not validate CSRF token","src/app/api/ops/bookings/[id]/check-out/route.ts",".deepsec/findings/MEDIUM/nabatableLP-other-missing-csrf-a43832a5b3.md","SEC-002","Service-role before tenant authorization","Platform/API owner","Sprint 1","security-critical;tenant-isolation;service-role;needs-regression"
"other-missing-csrf-abf7c753ff","MEDIUM","other-missing-csrf","Cookie-authenticated email retry POST lacks CSRF validation","src/app/api/ops/email-delivery/retry/route.ts",".deepsec/findings/MEDIUM/nabatableLP-other-missing-csrf-abf7c753ff.md","SEC-005","Missing CSRF on session-cookie mutations","Web/API owner","Sprint 2","csrf;needs-regression"
"other-missing-csrf-b8a5587a98","MEDIUM","other-missing-csrf","Dual-sync publish POST lacks CSRF validation","src/app/api/ops/restaurants/[id]/dual-sync/publish/route.ts",".deepsec/findings/MEDIUM/nabatableLP-other-missing-csrf-b8a5587a98.md","SEC-005","Missing CSRF on session-cookie mutations","Web/API owner","Sprint 2","csrf;needs-regression"
"other-pii-retention-8971825fa9","MEDIUM","other-pii-retention","SMS delivery PII is not purged with bookings","scripts/purge-restaurant-bookings.ts",".deepsec/findings/MEDIUM/nabatableLP-other-pii-retention-8971825fa9.md","SEC-012","Security-adjacent correctness backlog","Feature owner","Sprint 4","high-bug;needs-regression"
"other-postgrest-filter-injection-9e684cf3d7","MEDIUM","other-postgrest-filter-injection","Email validation allows PostgREST filter metacharacters","src/app/api/ops/bookings/schema.ts",".deepsec/findings/MEDIUM/nabatableLP-other-postgrest-filter-injection-9e684cf3d7.md","SEC-011","Schema, migration, and contract drift","Data/platform owner","Sprint 3","data-integrity;needs-migration;needs-regression"
"other-privacy-retention-80e2122bc0","MEDIUM","other-privacy-retention","Contact details are retained much longer than the UI tells users","reserve/features/reservations/wizard/ui/steps/DetailsStep.tsx",".deepsec/findings/MEDIUM/nabatableLP-other-privacy-retention-80e2122bc0.md","SEC-001","Account takeover and auth-token exposure","Auth owner","Sprint 1","security-critical;account-takeover;secrets;needs-regression"
"other-profile-poisoning-9206aef4ef","MEDIUM","other-profile-poisoning","Public booking contact data can poison authenticated profile fields","lib/profile/server.ts",".deepsec/findings/MEDIUM/nabatableLP-other-profile-poisoning-9206aef4ef.md","SEC-002","Service-role before tenant authorization","Platform/API owner","Sprint 1","security-critical;tenant-isolation;service-role;needs-regression"
"other-race-condition-47080479ee","MEDIUM","other-race-condition","Hold conflict enforcement fails open when strict conflicts are disabled","server/capacity/holds.ts",".deepsec/findings/MEDIUM/nabatableLP-other-race-condition-47080479ee.md","SEC-010","Data integrity, races, and idempotency","Domain workflow owner","Sprint 3","data-integrity;high-bug;needs-regression"
"other-race-condition-68ed2648d6","MEDIUM","other-race-condition","Hold conflict enforcement fails open when strict conflicts flag is disabled","server/capacity/holds.ts",".deepsec/findings/MEDIUM/nabatableLP-other-race-condition-68ed2648d6.md","SEC-010","Data integrity, races, and idempotency","Domain workflow owner","Sprint 3","data-integrity;high-bug;needs-regression"
"other-race-condition-a15c528847","MEDIUM","other-race-condition","Hold conflict enforcement can fail open behind a runtime flag","server/feature-flags.ts",".deepsec/findings/MEDIUM/nabatableLP-other-race-condition-a15c528847.md","SEC-010","Data integrity, races, and idempotency","Domain workflow owner","Sprint 3","data-integrity;high-bug;needs-regression"
"other-resource-exhaustion-2d2e32e722","MEDIUM","other-resource-exhaustion","Unsigned Twilio webhook requests can force expensive body parsing and signature work","src/app/api/webhook/twilio/sms-status/route.ts",".deepsec/findings/MEDIUM/nabatableLP-other-resource-exhaustion-2d2e32e722.md","SEC-006","Generic URL validation and redirect policy gaps","Web/API owner","Sprint 2","xss;data-integrity;needs-regression"
"other-resource-exhaustion-9a4504ccfb","MEDIUM","other-resource-exhaustion","Authenticated users can create unlimited public avatar objects","src/app/api/profile/image/route.ts",".deepsec/findings/MEDIUM/nabatableLP-other-resource-exhaustion-9a4504ccfb.md","SEC-002","Service-role before tenant authorization","Platform/API owner","Sprint 1","security-critical;tenant-isolation;service-role;needs-regression"
"other-resource-exhaustion-e7771d3fc3","MEDIUM","other-resource-exhaustion","Menu import reads arbitrary uploaded CSVs into memory without size or rate limits","src/app/api/ops/restaurants/[id]/menu/import/route.ts",".deepsec/findings/MEDIUM/nabatableLP-other-resource-exhaustion-e7771d3fc3.md","SEC-009","Rate limiting and abuse controls","Platform/API owner","Sprint 2","rate-limit;needs-regression"
"other-resource-exhaustion-f939b61ec5","MEDIUM","other-resource-exhaustion","Restaurant logo uploads have no quota or rate limit","src/app/api/ops/restaurants/[id]/logo/route.ts",".deepsec/findings/MEDIUM/nabatableLP-other-resource-exhaustion-f939b61ec5.md","SEC-002","Service-role before tenant authorization","Platform/API owner","Sprint 1","security-critical;tenant-isolation;service-role;needs-regression"
"other-revocation-bypass-2f838c4666","MEDIUM","other-revocation-bypass","KV cache can keep revoked short links active until expiry","cloudflare/booking-short-links/src/storage.ts",".deepsec/findings/MEDIUM/nabatableLP-other-revocation-bypass-2f838c4666.md","SEC-001","Account takeover and auth-token exposure","Auth owner","Sprint 1","security-critical;account-takeover;secrets;needs-regression"
"other-sensitive-data-storage-34390a17a0","MEDIUM","other-sensitive-data-storage","Password signup stores the plaintext password in sessionStorage","src/app/auth/signup/page.tsx",".deepsec/findings/MEDIUM/nabatableLP-other-sensitive-data-storage-34390a17a0.md","SEC-008","Secrets in logs, generated artifacts, or config","Infra/security owner","Sprint 2","secrets;needs-prod-config;needs-regression"
"other-sensitive-data-storage-5942079cd0","MEDIUM","other-sensitive-data-storage","Password signup persists the plaintext password in sessionStorage","src/app/onboarding/page.tsx",".deepsec/findings/MEDIUM/nabatableLP-other-sensitive-data-storage-5942079cd0.md","SEC-010","Data integrity, races, and idempotency","Domain workflow owner","Sprint 3","data-integrity;high-bug;needs-regression"
"other-sensitive-data-storage-7f1e8de640","MEDIUM","other-sensitive-data-storage","Password signup stores the plaintext password in persisted onboarding state","src/components/features/onboarding/OnboardingWizard.tsx",".deepsec/findings/MEDIUM/nabatableLP-other-sensitive-data-storage-7f1e8de640.md","SEC-007","Stored/reflected XSS and output encoding","Frontend/platform owner","Sprint 2","xss;needs-regression"
"other-stale-authorization-cache-06b0245cea","MEDIUM","other-stale-authorization-cache","Process-wide membership cache allows stale authorization after demotion or removal","server/team/access.ts",".deepsec/findings/MEDIUM/nabatableLP-other-stale-authorization-cache-06b0245cea.md","SEC-002","Service-role before tenant authorization","Platform/API owner","Sprint 1","security-critical;tenant-isolation;service-role;needs-regression"
"other-stale-authorization-cache-1c7d2378f4","MEDIUM","other-stale-authorization-cache","Ops layout seeds a membership cache reused by authorization guards","src/app/app/(app)/layout.tsx",".deepsec/findings/MEDIUM/nabatableLP-other-stale-authorization-cache-1c7d2378f4.md","SEC-002","Service-role before tenant authorization","Platform/API owner","Sprint 1","security-critical;tenant-isolation;service-role;needs-regression"
"other-stale-authorization-cache-5742f1e856","MEDIUM","other-stale-authorization-cache","Service-role export authorization can use stale cached memberships","src/app/api/ops/bookings/export/route.ts",".deepsec/findings/MEDIUM/nabatableLP-other-stale-authorization-cache-5742f1e856.md","SEC-002","Service-role before tenant authorization","Platform/API owner","Sprint 1","security-critical;tenant-isolation;service-role;needs-regression"
"other-stale-authorization-cache-65464bb784","MEDIUM","other-stale-authorization-cache","Layout populates a stale membership cache reused by authorization checks","src/app/app/(app)/layout.tsx",".deepsec/findings/MEDIUM/nabatableLP-other-stale-authorization-cache-65464bb784.md","SEC-002","Service-role before tenant authorization","Platform/API owner","Sprint 1","security-critical;tenant-isolation;service-role;needs-regression"
"other-stale-authorization-cache-8a2b84756b","MEDIUM","other-stale-authorization-cache","Google Business Profile admin actions can be authorized from stale cached roles","src/app/api/ops/restaurants/[id]/google-business/route.ts",".deepsec/findings/MEDIUM/nabatableLP-other-stale-authorization-cache-8a2b84756b.md","SEC-002","Service-role before tenant authorization","Platform/API owner","Sprint 1","security-critical;tenant-isolation;service-role;needs-regression"
"other-stale-authorization-cache-a90c227b22","MEDIUM","other-stale-authorization-cache","Admin-only drink item reads and updates can be authorized from stale cached roles","src/app/api/ops/restaurants/[id]/drinks/items/[itemId]/route.ts",".deepsec/findings/MEDIUM/nabatableLP-other-stale-authorization-cache-a90c227b22.md","SEC-002","Service-role before tenant authorization","Platform/API owner","Sprint 1","security-critical;tenant-isolation;service-role;needs-regression"
"other-tls-verification-disabled-9763e8bb4a","MEDIUM","other-tls-verification-disabled","Postgres TLS certificate verification is disabled","scripts/staging/seed-perf-dataset.ts",".deepsec/findings/MEDIUM/nabatableLP-other-tls-verification-disabled-9763e8bb4a.md","SEC-004","Production data scripts lack target safety","Data operations owner","Sprint 1","high-bug;service-role;data-integrity;needs-prod-config"
"other-unbounded-public-range-209b8a4da1","MEDIUM","other-unbounded-public-range","Public calendar mask accepts unbounded date ranges","src/app/api/restaurants/[slug]/calendar-mask/route.ts",".deepsec/findings/MEDIUM/nabatableLP-other-unbounded-public-range-209b8a4da1.md","SEC-012","Security-adjacent correctness backlog","Feature owner","Sprint 4","high-bug;needs-regression"
"other-unsafe-external-url-6b27825a10","MEDIUM","other-unsafe-external-url","Restaurant Google link fields submit arbitrary external URLs","components/ops/restaurants/RestaurantDetailsForm.tsx",".deepsec/findings/MEDIUM/nabatableLP-other-unsafe-external-url-6b27825a10.md","SEC-006","Generic URL validation and redirect policy gaps","Web/API owner","Sprint 2","xss;data-integrity;needs-regression"
"other-unsafe-external-url-7dfe2f396c","MEDIUM","other-unsafe-external-url","URL validation accepts unsafe schemes and non-Google destinations","components/ops/restaurants/restaurantDetailsFormModel.ts",".deepsec/findings/MEDIUM/nabatableLP-other-unsafe-external-url-7dfe2f396c.md","SEC-006","Generic URL validation and redirect policy gaps","Web/API owner","Sprint 2","xss;data-integrity;needs-regression"
"other-unsafe-url-scheme-0990b214bb","MEDIUM","other-unsafe-url-scheme","Restaurant Google URLs are used as CTA hrefs without scheme validation","server/emails/bookings.ts",".deepsec/findings/MEDIUM/nabatableLP-other-unsafe-url-scheme-0990b214bb.md","SEC-006","Generic URL validation and redirect policy gaps","Web/API owner","Sprint 2","xss;data-integrity;needs-regression"
"rate-limit-bypass-01d8af9579","MEDIUM","rate-limit-bypass","Unbounded status summary query can be abused for repeated full-history scans","src/app/api/ops/bookings/status-summary/route.ts",".deepsec/findings/MEDIUM/nabatableLP-rate-limit-bypass-01d8af9579.md","SEC-002","Service-role before tenant authorization","Platform/API owner","Sprint 1","security-critical;tenant-isolation;service-role;needs-regression"
"rate-limit-bypass-1e2d484b65","MEDIUM","rate-limit-bypass","Webhook buffers unauthenticated bodies before rejecting missing signatures","src/app/api/webhook/resend/route.ts",".deepsec/findings/MEDIUM/nabatableLP-rate-limit-bypass-1e2d484b65.md","SEC-009","Rate limiting and abuse controls","Platform/API owner","Sprint 2","rate-limit;needs-regression"
"rate-limit-bypass-212df2f11d","MEDIUM","rate-limit-bypass","Unauthenticated client error endpoint can be abused for log flooding","src/app/api/client-error/route.ts",".deepsec/findings/MEDIUM/nabatableLP-rate-limit-bypass-212df2f11d.md","SEC-009","Rate limiting and abuse controls","Platform/API owner","Sprint 2","rate-limit;needs-regression"
"rate-limit-bypass-3fd5e62eaa","MEDIUM","rate-limit-bypass","Unbounded change-feed limit returns large raw history payloads","server/ops/bookings.ts",".deepsec/findings/MEDIUM/nabatableLP-rate-limit-bypass-3fd5e62eaa.md","SEC-002","Service-role before tenant authorization","Platform/API owner","Sprint 1","security-critical;tenant-isolation;service-role;needs-regression"
"rate-limit-bypass-57c0162b5a","MEDIUM","rate-limit-bypass","Avatar uploads can be abused for storage exhaustion","src/app/api/profile/image/route.ts",".deepsec/findings/MEDIUM/nabatableLP-rate-limit-bypass-57c0162b5a.md","SEC-002","Service-role before tenant authorization","Platform/API owner","Sprint 1","security-critical;tenant-isolation;service-role;needs-regression"
"rate-limit-bypass-5f7435f2bd","MEDIUM","rate-limit-bypass","Restaurant creation is unthrottled","src/app/api/ops/restaurants/route.ts",".deepsec/findings/MEDIUM/nabatableLP-rate-limit-bypass-5f7435f2bd.md","SEC-002","Service-role before tenant authorization","Platform/API owner","Sprint 1","security-critical;tenant-isolation;service-role;needs-regression"
"rate-limit-bypass-63646be194","MEDIUM","rate-limit-bypass","Google Business Profile operations have no abuse throttling","src/app/api/ops/restaurants/[id]/google-business-profile/route.ts",".deepsec/findings/MEDIUM/nabatableLP-rate-limit-bypass-63646be194.md","SEC-002","Service-role before tenant authorization","Platform/API owner","Sprint 1","security-critical;tenant-isolation;service-role;needs-regression"
"rate-limit-bypass-65bdcb2065","MEDIUM","rate-limit-bypass","Password and magic-link throttles trust spoofable client IP headers","src/app/api/auth/signin/route.ts",".deepsec/findings/MEDIUM/nabatableLP-rate-limit-bypass-65bdcb2065.md","SEC-001","Account takeover and auth-token exposure","Auth owner","Sprint 1","security-critical;account-takeover;secrets;needs-regression"
"rate-limit-bypass-7391e70a83","MEDIUM","rate-limit-bypass","CSV import has no request size, row count, or rate limit","src/app/api/ops/restaurants/[id]/drinks/import/route.ts",".deepsec/findings/MEDIUM/nabatableLP-rate-limit-bypass-7391e70a83.md","SEC-005","Missing CSRF on session-cookie mutations","Web/API owner","Sprint 2","csrf;needs-regression"
"rate-limit-bypass-82b7cc394e","MEDIUM","rate-limit-bypass","Full customer PII export has no abuse throttling","src/app/api/ops/customers/export/route.ts",".deepsec/findings/MEDIUM/nabatableLP-rate-limit-bypass-82b7cc394e.md","SEC-002","Service-role before tenant authorization","Platform/API owner","Sprint 1","security-critical;tenant-isolation;service-role;needs-regression"
"rate-limit-bypass-84e6a188fc","MEDIUM","rate-limit-bypass","Unbounded heatmap date range can force large booking scans","src/app/api/ops/dashboard/heatmap/route.ts",".deepsec/findings/MEDIUM/nabatableLP-rate-limit-bypass-84e6a188fc.md","SEC-002","Service-role before tenant authorization","Platform/API owner","Sprint 1","security-critical;tenant-isolation;service-role;needs-regression"
"rate-limit-bypass-855cdc5002","MEDIUM","rate-limit-bypass","Rate limits trust spoofable X-Forwarded-For values","server/security/request.ts",".deepsec/findings/MEDIUM/nabatableLP-rate-limit-bypass-855cdc5002.md","SEC-001","Account takeover and auth-token exposure","Auth owner","Sprint 1","security-critical;account-takeover;secrets;needs-regression"
"rate-limit-bypass-8f5484b173","MEDIUM","rate-limit-bypass","Password confirmation endpoint has no app-level rate limit","src/app/api/ops/restaurants/[id]/google-business-profile/drafts/[draftId]/publish-jobs/[jobId]/retry-google-push/route.ts",".deepsec/findings/MEDIUM/nabatableLP-rate-limit-bypass-8f5484b173.md","SEC-003","Cron and job routes fail open","Jobs/infra owner","Sprint 1","security-critical;cron-auth;service-role;needs-prod-config"
"rate-limit-bypass-8f63f134a2","MEDIUM","rate-limit-bypass","Unthrottled quote endpoint can be abused to exhaust table holds","src/app/api/staff/auto/quote/route.ts",".deepsec/findings/MEDIUM/nabatableLP-rate-limit-bypass-8f63f134a2.md","SEC-008","Secrets in logs, generated artifacts, or config","Infra/security owner","Sprint 2","secrets;needs-prod-config;needs-regression"
"rate-limit-bypass-ac7b3ea04e","MEDIUM","rate-limit-bypass","Auth throttles and guest captcha gating trust spoofable request headers","src/app/api/auth/signin/route.ts",".deepsec/findings/MEDIUM/nabatableLP-rate-limit-bypass-ac7b3ea04e.md","SEC-001","Account takeover and auth-token exposure","Auth owner","Sprint 1","security-critical;account-takeover;secrets;needs-regression"
"rate-limit-bypass-af3dd11691","MEDIUM","rate-limit-bypass","Unbounded change-feed limit enables expensive service-role reads","src/app/api/ops/dashboard/changes/route.ts",".deepsec/findings/MEDIUM/nabatableLP-rate-limit-bypass-af3dd11691.md","SEC-002","Service-role before tenant authorization","Platform/API owner","Sprint 1","security-critical;tenant-isolation;service-role;needs-regression"
"rate-limit-bypass-c7b80ea22c","MEDIUM","rate-limit-bypass","Logo uploads can be abused for storage exhaustion","src/app/api/ops/restaurants/[id]/logo/route.ts",".deepsec/findings/MEDIUM/nabatableLP-rate-limit-bypass-c7b80ea22c.md","SEC-002","Service-role before tenant authorization","Platform/API owner","Sprint 1","security-critical;tenant-isolation;service-role;needs-regression"
"rate-limit-bypass-cb717b354d","MEDIUM","rate-limit-bypass","Public client-error endpoint allows unauthenticated log flooding and spoofed telemetry","src/app/api/client-error/route.ts",".deepsec/findings/MEDIUM/nabatableLP-rate-limit-bypass-cb717b354d.md","SEC-009","Rate limiting and abuse controls","Platform/API owner","Sprint 2","rate-limit;needs-regression"
"rate-limit-bypass-d6747c52eb","MEDIUM","rate-limit-bypass","GBP preflight can be repeated without rate limiting","src/app/api/ops/restaurants/[id]/google-business-profile/drafts/[draftId]/publish/preflight/route.ts",".deepsec/findings/MEDIUM/nabatableLP-rate-limit-bypass-d6747c52eb.md","SEC-003","Cron and job routes fail open","Jobs/infra owner","Sprint 1","security-critical;cron-auth;service-role;needs-prod-config"
"rate-limit-bypass-d7cca7cf93","MEDIUM","rate-limit-bypass","Rate limit key can be controlled through X-Forwarded-For","src/app/api/availability/route.ts",".deepsec/findings/MEDIUM/nabatableLP-rate-limit-bypass-d7cca7cf93.md","SEC-009","Rate limiting and abuse controls","Platform/API owner","Sprint 2","rate-limit;needs-regression"
"rate-limit-bypass-daf0af50b7","MEDIUM","rate-limit-bypass","Authenticated users can create unlimited restaurants through onboarding","src/app/onboarding/profile/page.tsx",".deepsec/findings/MEDIUM/nabatableLP-rate-limit-bypass-daf0af50b7.md","SEC-002","Service-role before tenant authorization","Platform/API owner","Sprint 1","security-critical;tenant-isolation;service-role;needs-regression"
"rate-limit-bypass-de05608a96","MEDIUM","rate-limit-bypass","Unthrottled password confirmation oracle","src/app/api/ops/restaurants/[id]/google-business-profile/drafts/[draftId]/publish-jobs/[jobId]/retry-google-push/route.ts",".deepsec/findings/MEDIUM/nabatableLP-rate-limit-bypass-de05608a96.md","SEC-003","Cron and job routes fail open","Jobs/infra owner","Sprint 1","security-critical;cron-auth;service-role;needs-prod-config"
"rate-limit-bypass-e0bf8af0ff","MEDIUM","rate-limit-bypass","Password confirmation bypasses application login throttling","server/auth/password-confirmation.ts",".deepsec/findings/MEDIUM/nabatableLP-rate-limit-bypass-e0bf8af0ff.md","SEC-009","Rate limiting and abuse controls","Platform/API owner","Sprint 2","rate-limit;needs-regression"
"rate-limit-bypass-e64d47d49f","MEDIUM","rate-limit-bypass","Client-controlled X-Forwarded-For is trusted for rate-limit identity","server/security/request.ts",".deepsec/findings/MEDIUM/nabatableLP-rate-limit-bypass-e64d47d49f.md","SEC-001","Account takeover and auth-token exposure","Auth owner","Sprint 1","security-critical;account-takeover;secrets;needs-regression"
"rate-limit-bypass-ea2fa16ea8","MEDIUM","rate-limit-bypass","Availability rate limit key trusts spoofable forwarded IP input","src/app/api/availability/route.ts",".deepsec/findings/MEDIUM/nabatableLP-rate-limit-bypass-ea2fa16ea8.md","SEC-009","Rate limiting and abuse controls","Platform/API owner","Sprint 2","rate-limit;needs-regression"
"rate-limit-bypass-f3123a1fdd","MEDIUM","rate-limit-bypass","Public lead-capture write endpoint has no abuse protection","src/app/api/lead/route.ts",".deepsec/findings/MEDIUM/nabatableLP-rate-limit-bypass-f3123a1fdd.md","SEC-009","Rate limiting and abuse controls","Platform/API owner","Sprint 2","rate-limit;needs-regression"
"rate-limit-bypass-f70630410e","MEDIUM","rate-limit-bypass","Signup rate limit trusts spoofable IP headers","src/app/api/auth/signup/route.ts",".deepsec/findings/MEDIUM/nabatableLP-rate-limit-bypass-f70630410e.md","SEC-001","Account takeover and auth-token exposure","Auth owner","Sprint 1","security-critical;account-takeover;secrets;needs-regression"
"secret-in-log-081491d4d8","MEDIUM","secret-in-log","Structured sensitive metadata bypasses logger redaction","lib/logger.ts",".deepsec/findings/MEDIUM/nabatableLP-secret-in-log-081491d4d8.md","SEC-008","Secrets in logs, generated artifacts, or config","Infra/security owner","Sprint 2","secrets;needs-prod-config;needs-regression"
"secret-in-log-1e23ad6318","MEDIUM","secret-in-log","Vercel token can leak through failed child-process command logging","scripts/email/setup-notifications-domain.ts",".deepsec/findings/MEDIUM/nabatableLP-secret-in-log-1e23ad6318.md","SEC-008","Secrets in logs, generated artifacts, or config","Infra/security owner","Sprint 2","secrets;needs-prod-config;needs-regression"
"secret-in-log-8a5c74ead2","MEDIUM","secret-in-log","Global client error reporting can leak tokenized booking URLs","src/app/providers.tsx",".deepsec/findings/MEDIUM/nabatableLP-secret-in-log-8a5c74ead2.md","SEC-006","Generic URL validation and redirect policy gaps","Web/API owner","Sprint 2","xss;data-integrity;needs-regression"
"secret-in-log-e4c203f52b","MEDIUM","secret-in-log","Soft-hold session tokens are written to logs","server/capacity/table-assignment/manual.ts",".deepsec/findings/MEDIUM/nabatableLP-secret-in-log-e4c203f52b.md","SEC-008","Secrets in logs, generated artifacts, or config","Infra/security owner","Sprint 2","secrets;needs-prod-config;needs-regression"
"secret-in-log-f2a1e4c06a","MEDIUM","secret-in-log","Auth callback logs one-time login credentials in the full URL","src/app/api/auth/callback/route.ts",".deepsec/findings/MEDIUM/nabatableLP-secret-in-log-f2a1e4c06a.md","SEC-001","Account takeover and auth-token exposure","Auth owner","Sprint 1","security-critical;account-takeover;secrets;needs-regression"
"secrets-exposure-2addb3baae","MEDIUM","secrets-exposure","Password signup stores the plaintext password in onboarding sessionStorage","src/components/features/onboarding/OnboardingWizard.tsx",".deepsec/findings/MEDIUM/nabatableLP-secrets-exposure-2addb3baae.md","SEC-008","Secrets in logs, generated artifacts, or config","Infra/security owner","Sprint 2","secrets;needs-prod-config;needs-regression"
"secrets-exposure-3a0665c442","MEDIUM","secrets-exposure","Onboarding password is persisted in sessionStorage","src/app/onboarding/tables/page.tsx",".deepsec/findings/MEDIUM/nabatableLP-secrets-exposure-3a0665c442.md","SEC-008","Secrets in logs, generated artifacts, or config","Infra/security owner","Sprint 2","secrets;needs-prod-config;needs-regression"
"secrets-exposure-5d62f901fe","MEDIUM","secrets-exposure","Generated staff credential CSV is not written with restrictive permissions","scripts/staging/import-prod-staff.ts",".deepsec/findings/MEDIUM/nabatableLP-secrets-exposure-5d62f901fe.md","SEC-004","Production data scripts lack target safety","Data operations owner","Sprint 1","high-bug;service-role;data-integrity;needs-prod-config"
"secrets-exposure-7b55242132","MEDIUM","secrets-exposure","Public booking lookup returns full booking rows including sensitive fields","src/app/api/bookings/route.ts",".deepsec/findings/MEDIUM/nabatableLP-secrets-exposure-7b55242132.md","SEC-008","Secrets in logs, generated artifacts, or config","Infra/security owner","Sprint 2","secrets;needs-prod-config;needs-regression"
"secrets-exposure-9c8a9994af","MEDIUM","secrets-exposure","Onboarding password is persisted in sessionStorage","src/app/onboarding/review/page.tsx",".deepsec/findings/MEDIUM/nabatableLP-secrets-exposure-9c8a9994af.md","SEC-008","Secrets in logs, generated artifacts, or config","Infra/security owner","Sprint 2","secrets;needs-prod-config;needs-regression"
"secrets-exposure-9f8ddd4e59","MEDIUM","secrets-exposure","Database password is accepted and documented as a command-line argument","scripts/find-supabase-region.ts",".deepsec/findings/MEDIUM/nabatableLP-secrets-exposure-9f8ddd4e59.md","SEC-008","Secrets in logs, generated artifacts, or config","Infra/security owner","Sprint 2","secrets;needs-prod-config;needs-regression"
"secrets-exposure-d1b2dea001","MEDIUM","secrets-exposure","Onboarding password is persisted in sessionStorage","src/app/onboarding/services/page.tsx",".deepsec/findings/MEDIUM/nabatableLP-secrets-exposure-d1b2dea001.md","SEC-008","Secrets in logs, generated artifacts, or config","Infra/security owner","Sprint 2","secrets;needs-prod-config;needs-regression"
"security-behind-flag-57301231c1","MEDIUM","security-behind-flag","Rejection analytics flag is only enforced in client navigation","src/components/features/ops-shell/navigation.tsx",".deepsec/findings/MEDIUM/nabatableLP-security-behind-flag-57301231c1.md","SEC-002","Service-role before tenant authorization","Platform/API owner","Sprint 1","security-critical;tenant-isolation;service-role;needs-regression"
"other-async-dialog-close-70d21663b3","BUG","other-async-dialog-close","Async confirmation closes before the action finishes","src/components/features/booking-state-machine/ConfirmationDialog.tsx",".deepsec/findings/BUG/nabatableLP-other-async-dialog-close-70d21663b3.md","SEC-010","Data integrity, races, and idempotency","Domain workflow owner","Sprint 3","data-integrity;high-bug;needs-regression"
"other-auth-logic-bug-5e75ae423f","BUG","other-auth-logic-bug","Password creation policy is reused for sign-in","lib/security/passwordPolicy.ts",".deepsec/findings/BUG/nabatableLP-other-auth-logic-bug-5e75ae423f.md","SEC-011","Schema, migration, and contract drift","Data/platform owner","Sprint 3","data-integrity;needs-migration;needs-regression"
"other-auth-logic-bug-64f36c3237","BUG","other-auth-logic-bug","Password sign-in rejects valid legacy passwords client-side","components/auth/OpsSignInForm.tsx",".deepsec/findings/BUG/nabatableLP-other-auth-logic-bug-64f36c3237.md","SEC-011","Schema, migration, and contract drift","Data/platform owner","Sprint 3","data-integrity;needs-migration;needs-regression"
"other-broken-invite-route-2022bbd204","BUG","other-broken-invite-route","Generated invite links point to an unimplemented route","lib/owner/team/invite-links.ts",".deepsec/findings/BUG/nabatableLP-other-broken-invite-route-2022bbd204.md","SEC-001","Account takeover and auth-token exposure","Auth owner","Sprint 1","security-critical;account-takeover;secrets;needs-regression"
"other-broken-redirect-0282a8b3b1","BUG","other-broken-redirect","Legacy thank-you redirect points to a non-existent route","next.config.js",".deepsec/findings/BUG/nabatableLP-other-broken-redirect-0282a8b3b1.md","SEC-006","Generic URL validation and redirect policy gaps","Web/API owner","Sprint 2","xss;data-integrity;needs-regression"
"other-cache-bypass-8458d4caa1","BUG","other-cache-bypass","Empty or failed override fetches are not cached despite setting a TTL","server/feature-flags-overrides.ts",".deepsec/findings/BUG/nabatableLP-other-cache-bypass-8458d4caa1.md","SEC-002","Service-role before tenant authorization","Platform/API owner","Sprint 1","security-critical;tenant-isolation;service-role;needs-regression"
"other-cache-refresh-bug-82da44a959","BUG","other-cache-refresh-bug","Empty feature-flag override sets are never treated as cached","server/feature-flags-overrides.ts",".deepsec/findings/BUG/nabatableLP-other-cache-refresh-bug-82da44a959.md","SEC-002","Service-role before tenant authorization","Platform/API owner","Sprint 1","security-critical;tenant-isolation;service-role;needs-regression"
"other-contract-bug-f3a1fe534f","BUG","other-contract-bug","Revoke mutation succeeds server-side but fails client parsing","src/components/features/team/TeamInvitesTable.tsx",".deepsec/findings/BUG/nabatableLP-other-contract-bug-f3a1fe534f.md","SEC-001","Account takeover and auth-token exposure","Auth owner","Sprint 1","security-critical;account-takeover;secrets;needs-regression"
"other-contract-mismatch-66ae0ae582","BUG","other-contract-mismatch","FoodMenus dual-sync rows are selectable but rejected by the publish API","src/components/features/restaurant-settings/dual-sync/DualSyncShell.tsx",".deepsec/findings/BUG/nabatableLP-other-contract-mismatch-66ae0ae582.md","SEC-010","Data integrity, races, and idempotency","Domain workflow owner","Sprint 3","data-integrity;high-bug;needs-regression"
"other-data-integrity-8cacd39a21","BUG","other-data-integrity","Booking rows can disagree with their linked customer rows","scripts/seed-bookings-week-final.ts",".deepsec/findings/BUG/nabatableLP-other-data-integrity-8cacd39a21.md","SEC-004","Production data scripts lack target safety","Data operations owner","Sprint 1","high-bug;service-role;data-integrity;needs-prod-config"
"other-data-integrity-be64cb1e47","BUG","other-data-integrity","Previous FoodMenus identities trust unstable Google array paths","server/google-business-profile/food-menus.ts",".deepsec/findings/BUG/nabatableLP-other-data-integrity-be64cb1e47.md","SEC-010","Data integrity, races, and idempotency","Domain workflow owner","Sprint 3","data-integrity;high-bug;needs-regression"
"other-data-loss-114645237b","BUG","other-data-loss","Partial table updates can unintentionally clear notes and position","src/services/ops/tables.ts",".deepsec/findings/BUG/nabatableLP-other-data-loss-114645237b.md","SEC-010","Data integrity, races, and idempotency","Domain workflow owner","Sprint 3","data-integrity;high-bug;needs-regression"
"other-duplicate-sms-side-effect-2c6aa1608e","BUG","other-duplicate-sms-side-effect","First-confirmation SMS is not deduplicated","server/bookings/confirmation-notifications.ts",".deepsec/findings/BUG/nabatableLP-other-duplicate-sms-side-effect-2c6aa1608e.md","SEC-010","Data integrity, races, and idempotency","Domain workflow owner","Sprint 3","data-integrity;high-bug;needs-regression"
"other-idempotency-race-afc1116aed","BUG","other-idempotency-race","Profile update idempotency is not atomic","src/app/api/profile/route.ts",".deepsec/findings/BUG/nabatableLP-other-idempotency-race-afc1116aed.md","SEC-010","Data integrity, races, and idempotency","Domain workflow owner","Sprint 3","data-integrity;high-bug;needs-regression"
"other-idempotency-retry-bug-5c5c110acd","BUG","other-idempotency-retry-bug","Ops booking retry can lose idempotency and create duplicates","reserve/features/reservations/wizard/api/useCreateOpsReservation.ts",".deepsec/findings/BUG/nabatableLP-other-idempotency-retry-bug-5c5c110acd.md","SEC-010","Data integrity, races, and idempotency","Domain workflow owner","Sprint 3","data-integrity;high-bug;needs-regression"
"other-incomplete-purge-443046a914","BUG","other-incomplete-purge","Booking purge leaves SMS delivery PII behind","scripts/purge-restaurant-bookings.ts",".deepsec/findings/BUG/nabatableLP-other-incomplete-purge-443046a914.md","SEC-011","Schema, migration, and contract drift","Data/platform owner","Sprint 3","data-integrity;needs-migration;needs-regression"
"other-input-validation-1f21ece4d5","BUG","other-input-validation","CSV numeric cells accept trailing junk","server/menu/import.ts",".deepsec/findings/BUG/nabatableLP-other-input-validation-1f21ece4d5.md","SEC-011","Schema, migration, and contract drift","Data/platform owner","Sprint 3","data-integrity;needs-migration;needs-regression"
"other-invalid-time-generation-30fa9e7ddc","BUG","other-invalid-time-generation","Lunch booking generator creates invalid minute values","scripts/seed-bookings-week.ts",".deepsec/findings/BUG/nabatableLP-other-invalid-time-generation-30fa9e7ddc.md","SEC-004","Production data scripts lack target safety","Data operations owner","Sprint 1","high-bug;service-role;data-integrity;needs-prod-config"
"other-invalid-time-generation-e1029d9455","BUG","other-invalid-time-generation","Lunch booking generator emits invalid minute values","scripts/seed-bookings-week.ts",".deepsec/findings/BUG/nabatableLP-other-invalid-time-generation-e1029d9455.md","SEC-004","Production data scripts lack target safety","Data operations owner","Sprint 1","high-bug;service-role;data-integrity;needs-prod-config"
"other-logic-bug-0d61d4136b","BUG","other-logic-bug","Food menu fields are advertised as publishable but the publish path rejects them","server/dual-sync/registry/food-menus.ts",".deepsec/findings/BUG/nabatableLP-other-logic-bug-0d61d4136b.md","SEC-011","Schema, migration, and contract drift","Data/platform owner","Sprint 3","data-integrity;needs-migration;needs-regression"
"other-logic-bug-19aad9d4a1","BUG","other-logic-bug","Manual holds without adjacency snapshots are rejected at confirmation","server/capacity/table-assignment/assignment.ts",".deepsec/findings/BUG/nabatableLP-other-logic-bug-19aad9d4a1.md","SEC-012","Security-adjacent correctness backlog","Feature owner","Sprint 4","high-bug;needs-regression"
"other-logic-bug-289148fcc4","BUG","other-logic-bug","includeAlternatives defaults to true because string false is coerced to true","src/app/api/availability/route.ts",".deepsec/findings/BUG/nabatableLP-other-logic-bug-289148fcc4.md","SEC-011","Schema, migration, and contract drift","Data/platform owner","Sprint 3","data-integrity;needs-migration;needs-regression"
"other-logic-bug-2c6550b83b","BUG","other-logic-bug","Non-adjacent manual holds store metadata the confirmer rejects","server/capacity/table-assignment/manual.ts",".deepsec/findings/BUG/nabatableLP-other-logic-bug-2c6550b83b.md","SEC-012","Security-adjacent correctness backlog","Feature owner","Sprint 4","high-bug;needs-regression"
"other-logic-bug-340da664b1","BUG","other-logic-bug","Restaurant demand profile lookup ignores time windows and priority","server/capacity/demand-profiles.ts",".deepsec/findings/BUG/nabatableLP-other-logic-bug-340da664b1.md","SEC-012","Security-adjacent correctness backlog","Feature owner","Sprint 4","high-bug;needs-regression"
"other-logic-bug-4e7e528e80","BUG","other-logic-bug","Pending export state can mask Google-side changes","server/dual-sync/state/compute.ts",".deepsec/findings/BUG/nabatableLP-other-logic-bug-4e7e528e80.md","SEC-010","Data integrity, races, and idempotency","Domain workflow owner","Sprint 3","data-integrity;high-bug;needs-regression"
"other-logic-bug-574646e68c","BUG","other-logic-bug","FoodMenus fields are omitted from orchestrator snapshot value lookup","server/dual-sync/publish/orchestrator.ts",".deepsec/findings/BUG/nabatableLP-other-logic-bug-574646e68c.md","SEC-011","Schema, migration, and contract drift","Data/platform owner","Sprint 3","data-integrity;needs-migration;needs-regression"
"other-logic-bug-7287e06529","BUG","other-logic-bug","Failed Google publish can be returned as HTTP 200","src/app/api/ops/restaurants/[id]/google-business-profile/food-menus/publish/route.ts",".deepsec/findings/BUG/nabatableLP-other-logic-bug-7287e06529.md","SEC-012","Security-adjacent correctness backlog","Feature owner","Sprint 4","high-bug;needs-regression"
"other-logic-bug-74fe37ebb4","BUG","other-logic-bug","Combination planner prunes valid smaller-table candidates","server/capacity/selector.ts",".deepsec/findings/BUG/nabatableLP-other-logic-bug-74fe37ebb4.md","SEC-012","Security-adjacent correctness backlog","Feature owner","Sprint 4","high-bug;needs-regression"
"other-logic-bug-8d35bf01c3","BUG","other-logic-bug","tableId filter does not constrain parent booking rows","src/app/api/ops/bookings/route.ts",".deepsec/findings/BUG/nabatableLP-other-logic-bug-8d35bf01c3.md","SEC-012","Security-adjacent correctness backlog","Feature owner","Sprint 4","high-bug;needs-regression"
"other-logic-bug-9c88f3a92d","BUG","other-logic-bug","includeAlternatives=false is parsed as true","src/app/api/availability/route.ts",".deepsec/findings/BUG/nabatableLP-other-logic-bug-9c88f3a92d.md","SEC-011","Schema, migration, and contract drift","Data/platform owner","Sprint 3","data-integrity;needs-migration;needs-regression"
"other-logic-bug-a24eef37d9","BUG","other-logic-bug","Midnight hour rollover makes current time one day too far ahead","server/bookings/pastTimeValidation.ts",".deepsec/findings/BUG/nabatableLP-other-logic-bug-a24eef37d9.md","SEC-012","Security-adjacent correctness backlog","Feature owner","Sprint 4","high-bug;needs-regression"
"other-logic-bug-af5ca0e5ca","BUG","other-logic-bug","Receipt token flow is out of sync with current recovery-token API","src/app/guest/bookings/[bookingId]/receipt/page.tsx",".deepsec/findings/BUG/nabatableLP-other-logic-bug-af5ca0e5ca.md","SEC-001","Account takeover and auth-token exposure","Auth owner","Sprint 1","security-critical;account-takeover;secrets;needs-regression"
"other-logic-bug-c300fc6de2","BUG","other-logic-bug","Google FoodMenus publish failures resolve as normal results","server/google-business-profile/food-menus-sync.ts",".deepsec/findings/BUG/nabatableLP-other-logic-bug-c300fc6de2.md","SEC-012","Security-adjacent correctness backlog","Feature owner","Sprint 4","high-bug;needs-regression"
"other-logic-bug-d40ce1169f","BUG","other-logic-bug","Midnight hour normalization advances current time by one day","server/bookings/pastTimeValidation.ts",".deepsec/findings/BUG/nabatableLP-other-logic-bug-d40ce1169f.md","SEC-012","Security-adjacent correctness backlog","Feature owner","Sprint 4","high-bug;needs-regression"
"other-logic-bug-d4c7b15050","BUG","other-logic-bug","Manual holds without adjacency snapshots are rejected before confirmation","server/capacity/table-assignment/assignment.ts",".deepsec/findings/BUG/nabatableLP-other-logic-bug-d4c7b15050.md","SEC-012","Security-adjacent correctness backlog","Feature owner","Sprint 4","high-bug;needs-regression"
"other-logic-bug-d9936e0792","BUG","other-logic-bug","Non-adjacent manual holds are created in a shape the confirmer rejects","server/capacity/table-assignment/manual.ts",".deepsec/findings/BUG/nabatableLP-other-logic-bug-d9936e0792.md","SEC-012","Security-adjacent correctness backlog","Feature owner","Sprint 4","high-bug;needs-regression"
"other-logic-bug-f52028c93a","BUG","other-logic-bug","Duplicate tab query parameter can crash the bookings page","src/app/guest/bookings/page.tsx",".deepsec/findings/BUG/nabatableLP-other-logic-bug-f52028c93a.md","SEC-012","Security-adjacent correctness backlog","Feature owner","Sprint 4","high-bug;needs-regression"
"other-logic-bug-f5e500cb85","BUG","other-logic-bug","Real email retries can submit the provider message ID instead of the delivery log ID","src/components/features/email-delivery/useOpsEmailDeliveryRetryState.ts",".deepsec/findings/BUG/nabatableLP-other-logic-bug-f5e500cb85.md","SEC-010","Data integrity, races, and idempotency","Domain workflow owner","Sprint 3","data-integrity;high-bug;needs-regression"
"other-missing-file-8e45dcf571","BUG","other-missing-file","Script references a missing SQL file","scripts/execute-sql.ts",".deepsec/findings/BUG/nabatableLP-other-missing-file-8e45dcf571.md","SEC-006","Generic URL validation and redirect policy gaps","Web/API owner","Sprint 2","xss;data-integrity;needs-regression"
"other-non-atomic-create-a70c8890e0","BUG","other-non-atomic-create","Restaurant creation and owner membership creation are not atomic","server/restaurants/create.ts",".deepsec/findings/BUG/nabatableLP-other-non-atomic-create-a70c8890e0.md","SEC-002","Service-role before tenant authorization","Platform/API owner","Sprint 1","security-critical;tenant-isolation;service-role;needs-regression"
"other-non-atomic-state-replacement-25c3d95202","BUG","other-non-atomic-state-replacement","Pending import reviews are superseded before replacement rows are safely inserted","server/google-business-profile/food-menus-storage.ts",".deepsec/findings/BUG/nabatableLP-other-non-atomic-state-replacement-25c3d95202.md","SEC-010","Data integrity, races, and idempotency","Domain workflow owner","Sprint 3","data-integrity;high-bug;needs-regression"
"other-non-atomic-state-replacement-3d12cfbe06","BUG","other-non-atomic-state-replacement","Pending FoodMenus reviews can be lost during replacement","server/google-business-profile/food-menus-storage.ts",".deepsec/findings/BUG/nabatableLP-other-non-atomic-state-replacement-3d12cfbe06.md","SEC-003","Cron and job routes fail open","Jobs/infra owner","Sprint 1","security-critical;cron-auth;service-role;needs-prod-config"
"other-non-atomic-sync-5795f72377","BUG","other-non-atomic-sync","Provider row replacement can leave partial Google profile state","server/google-business-profile/business-info.ts",".deepsec/findings/BUG/nabatableLP-other-non-atomic-sync-5795f72377.md","SEC-010","Data integrity, races, and idempotency","Domain workflow owner","Sprint 3","data-integrity;high-bug;needs-regression"
"other-output-path-bug-b13d10f493","BUG","other-output-path-bug","Baseline output directory is not created and fatal errors exit successfully","scripts/db-perf-baseline.ts",".deepsec/findings/BUG/nabatableLP-other-output-path-bug-b13d10f493.md","SEC-012","Security-adjacent correctness backlog","Feature owner","Sprint 4","high-bug;needs-regression"
"other-output-path-bug-f395fd810b","BUG","other-output-path-bug","Baseline artifact write fails when the hard-coded task directory is absent","scripts/db-perf-baseline.ts",".deepsec/findings/BUG/nabatableLP-other-output-path-bug-f395fd810b.md","SEC-012","Security-adjacent correctness backlog","Feature owner","Sprint 4","high-bug;needs-regression"
"other-parameter-pollution-crash-23ab47d0cb","BUG","other-parameter-pollution-crash","Duplicate code query parameter can crash the public recovery error page","src/app/(public)/bookings/recover/error/page.tsx",".deepsec/findings/BUG/nabatableLP-other-parameter-pollution-crash-23ab47d0cb.md","SEC-001","Account takeover and auth-token exposure","Auth owner","Sprint 1","security-critical;account-takeover;secrets;needs-regression"
"other-parameter-pollution-crash-2abf6c32f0","BUG","other-parameter-pollution-crash","Duplicate bookings query parameters can crash the ops bookings page","src/app/app/(app)/bookings/page.tsx",".deepsec/findings/BUG/nabatableLP-other-parameter-pollution-crash-2abf6c32f0.md","SEC-002","Service-role before tenant authorization","Platform/API owner","Sprint 1","security-critical;tenant-isolation;service-role;needs-regression"
"other-parameter-pollution-crash-35ce29a880","BUG","other-parameter-pollution-crash","Duplicate code query parameter can crash recovery error page","src/app/(public)/bookings/recover/error/page.tsx",".deepsec/findings/BUG/nabatableLP-other-parameter-pollution-crash-35ce29a880.md","SEC-001","Account takeover and auth-token exposure","Auth owner","Sprint 1","security-critical;account-takeover;secrets;needs-regression"
"other-parameter-pollution-crash-3eaaa39491","BUG","other-parameter-pollution-crash","Duplicate bookings query parameters can crash server render","src/app/app/(app)/bookings/page.tsx",".deepsec/findings/BUG/nabatableLP-other-parameter-pollution-crash-3eaaa39491.md","SEC-002","Service-role before tenant authorization","Platform/API owner","Sprint 1","security-critical;tenant-isolation;service-role;needs-regression"
"other-parameter-pollution-crash-723dbc8758","BUG","other-parameter-pollution-crash","Duplicate tab query parameters can crash the authenticated bookings page","src/app/guest/bookings/page.tsx",".deepsec/findings/BUG/nabatableLP-other-parameter-pollution-crash-723dbc8758.md","SEC-010","Data integrity, races, and idempotency","Domain workflow owner","Sprint 3","data-integrity;high-bug;needs-regression"
"other-policy-drift-bypass-2e59fe25b7","BUG","other-policy-drift-bypass","Policy drift hash misses nested policy changes","server/capacity/table-assignment/assignment.ts",".deepsec/findings/BUG/nabatableLP-other-policy-drift-bypass-2e59fe25b7.md","SEC-011","Schema, migration, and contract drift","Data/platform owner","Sprint 3","data-integrity;needs-migration;needs-regression"
"other-post-write-artifact-failure-be55d35c1c","BUG","other-post-write-artifact-failure","Summary write can fail after database mutations complete","scripts/staging/seed-perf-dataset.ts",".deepsec/findings/BUG/nabatableLP-other-post-write-artifact-failure-be55d35c1c.md","SEC-004","Production data scripts lack target safety","Data operations owner","Sprint 1","high-bug;service-role;data-integrity;needs-prod-config"
"other-queue-race-condition-71e3a99cc1","BUG","other-queue-race-condition","Offline queue flush can drop or resurrect actions added during an in-flight flush","src/contexts/booking-offline-queue.tsx",".deepsec/findings/BUG/nabatableLP-other-queue-race-condition-71e3a99cc1.md","SEC-003","Cron and job routes fail open","Jobs/infra owner","Sprint 1","security-critical;cron-auth;service-role;needs-prod-config"
"other-race-condition-2dd1315ac9","BUG","other-race-condition","Customer profile aggregate counters can lose updates under concurrency","server/customers.ts",".deepsec/findings/BUG/nabatableLP-other-race-condition-2dd1315ac9.md","SEC-010","Data integrity, races, and idempotency","Domain workflow owner","Sprint 3","data-integrity;high-bug;needs-regression"
"other-race-condition-2faf49dd09","BUG","other-race-condition","Profile hydration can overwrite concurrent explicit edits","lib/profile/server.ts",".deepsec/findings/BUG/nabatableLP-other-race-condition-2faf49dd09.md","SEC-010","Data integrity, races, and idempotency","Domain workflow owner","Sprint 3","data-integrity;high-bug;needs-regression"
"other-race-condition-3e116bacfe","BUG","other-race-condition","Profile hydration can clobber concurrent user edits","lib/profile/server.ts",".deepsec/findings/BUG/nabatableLP-other-race-condition-3e116bacfe.md","SEC-010","Data integrity, races, and idempotency","Domain workflow owner","Sprint 3","data-integrity;high-bug;needs-regression"
"other-race-condition-54b76bfe02","BUG","other-race-condition","OAuth state consumption is not atomic","server/google-business-profile/service.ts",".deepsec/findings/BUG/nabatableLP-other-race-condition-54b76bfe02.md","SEC-006","Generic URL validation and redirect policy gaps","Web/API owner","Sprint 2","xss;data-integrity;needs-regression"
"other-race-condition-57fd70a23b","BUG","other-race-condition","Duplicate externalItemId check can be bypassed by concurrent creates","src/app/api/ops/restaurants/[id]/menu/items/route.ts",".deepsec/findings/BUG/nabatableLP-other-race-condition-57fd70a23b.md","SEC-010","Data integrity, races, and idempotency","Domain workflow owner","Sprint 3","data-integrity;high-bug;needs-regression"
"other-race-condition-7f242086f0","BUG","other-race-condition","Duplicate externalDrinkId check can be bypassed by concurrent creates","src/app/api/ops/restaurants/[id]/drinks/items/route.ts",".deepsec/findings/BUG/nabatableLP-other-race-condition-7f242086f0.md","SEC-010","Data integrity, races, and idempotency","Domain workflow owner","Sprint 3","data-integrity;high-bug;needs-regression"
"other-race-condition-92a04df574","BUG","other-race-condition","Publish job transition can be raced, causing duplicate publishes","server/google-business-profile/workflow.ts",".deepsec/findings/BUG/nabatableLP-other-race-condition-92a04df574.md","SEC-003","Cron and job routes fail open","Jobs/infra owner","Sprint 1","security-critical;cron-auth;service-role;needs-prod-config"
"other-race-condition-c92fe238c1","BUG","other-race-condition","Customer profile counters can lose updates under concurrent bookings or cancellations","server/customers.ts",".deepsec/findings/BUG/nabatableLP-other-race-condition-c92fe238c1.md","SEC-010","Data integrity, races, and idempotency","Domain workflow owner","Sprint 3","data-integrity;high-bug;needs-regression"
"other-race-condition-ca227b7202","BUG","other-race-condition","Import review decisions execute side effects before atomically claiming the review","server/google-business-profile/food-menus-sync.ts",".deepsec/findings/BUG/nabatableLP-other-race-condition-ca227b7202.md","SEC-010","Data integrity, races, and idempotency","Domain workflow owner","Sprint 3","data-integrity;high-bug;needs-regression"
"other-race-condition-caeab41c26","BUG","other-race-condition","Profile update idempotency is checked and recorded outside the mutation","src/app/api/profile/route.ts",".deepsec/findings/BUG/nabatableLP-other-race-condition-caeab41c26.md","SEC-010","Data integrity, races, and idempotency","Domain workflow owner","Sprint 3","data-integrity;high-bug;needs-regression"
"other-recovery-token-flow-broken-540190258d","BUG","other-recovery-token-flow-broken","Receipt page ignores the active session-recovery access flow","src/app/guest/bookings/[bookingId]/receipt/page.tsx",".deepsec/findings/BUG/nabatableLP-other-recovery-token-flow-broken-540190258d.md","SEC-001","Account takeover and auth-token exposure","Auth owner","Sprint 1","security-critical;account-takeover;secrets;needs-regression"
"other-render-loop-227d71e3a3","BUG","other-render-loop","Default confetti statuses can cause repeated animation state churn","src/components/features/booking-state-machine/StatusTransitionAnimator.tsx",".deepsec/findings/BUG/nabatableLP-other-render-loop-227d71e3a3.md","SEC-010","Data integrity, races, and idempotency","Domain workflow owner","Sprint 3","data-integrity;high-bug;needs-regression"
"other-render-loop-493ab699d3","BUG","other-render-loop","Confetti animation can restart indefinitely after a status change","src/components/features/booking-state-machine/StatusTransitionAnimator.tsx",".deepsec/findings/BUG/nabatableLP-other-render-loop-493ab699d3.md","SEC-010","Data integrity, races, and idempotency","Domain workflow owner","Sprint 3","data-integrity;high-bug;needs-regression"
"other-retry-identifier-mismatch-044a93cde0","BUG","other-retry-identifier-mismatch","Retry falls back to provider message ID instead of delivery-log ID","src/components/features/email-delivery/useOpsEmailDeliveryRetryState.ts",".deepsec/findings/BUG/nabatableLP-other-retry-identifier-mismatch-044a93cde0.md","SEC-010","Data integrity, races, and idempotency","Domain workflow owner","Sprint 3","data-integrity;high-bug;needs-regression"
"other-role-mismatch-53dd204ec1","BUG","other-role-mismatch","Manager role is incorrectly denied table deletion","src/app/api/ops/tables/[id]/route.ts",".deepsec/findings/BUG/nabatableLP-other-role-mismatch-53dd204ec1.md","SEC-002","Service-role before tenant authorization","Platform/API owner","Sprint 1","security-critical;tenant-isolation;service-role;needs-regression"
"other-role-mismatch-56374bcec7","BUG","other-role-mismatch","Managers see table delete enabled but backend rejects them","src/components/features/tables/TableInventoryClient.tsx",".deepsec/findings/BUG/nabatableLP-other-role-mismatch-56374bcec7.md","SEC-002","Service-role before tenant authorization","Platform/API owner","Sprint 1","security-critical;tenant-isolation;service-role;needs-regression"
"other-role-mismatch-7a9863f30d","BUG","other-role-mismatch","Manager table delete UI is enabled but the API denies managers","src/components/features/tables/TableInventoryClient.tsx",".deepsec/findings/BUG/nabatableLP-other-role-mismatch-7a9863f30d.md","SEC-002","Service-role before tenant authorization","Platform/API owner","Sprint 1","security-critical;tenant-isolation;service-role;needs-regression"
"other-role-mismatch-bbce8c5da7","BUG","other-role-mismatch","Managers are incorrectly blocked from table deletion","src/app/api/ops/tables/[id]/route.ts",".deepsec/findings/BUG/nabatableLP-other-role-mismatch-bbce8c5da7.md","SEC-012","Security-adjacent correctness backlog","Feature owner","Sprint 4","high-bug;needs-regression"
"other-role-model-drift-303512b151","BUG","other-role-model-drift","Access grant script accepts obsolete restaurant roles","scripts/grant-restaurant-access.ts",".deepsec/findings/BUG/nabatableLP-other-role-model-drift-303512b151.md","SEC-002","Service-role before tenant authorization","Platform/API owner","Sprint 1","security-critical;tenant-isolation;service-role;needs-regression"
"other-role-model-drift-69979e29a4","BUG","other-role-model-drift","Grant script writes obsolete membership roles","scripts/grant-restaurant-access.ts",".deepsec/findings/BUG/nabatableLP-other-role-model-drift-69979e29a4.md","SEC-002","Service-role before tenant authorization","Platform/API owner","Sprint 1","security-critical;tenant-isolation;service-role;needs-regression"
"other-side-effect-replay-726de750b2","BUG","other-side-effect-replay","Repeated no-op check-out can replay review-email side effects","src/app/api/ops/bookings/[id]/check-out/route.ts",".deepsec/findings/BUG/nabatableLP-other-side-effect-replay-726de750b2.md","SEC-003","Cron and job routes fail open","Jobs/infra owner","Sprint 1","security-critical;cron-auth;service-role;needs-prod-config"
"other-silent-db-error-a46422cc53","BUG","other-silent-db-error","Lead insert failures are ignored","src/app/api/lead/route.ts",".deepsec/findings/BUG/nabatableLP-other-silent-db-error-a46422cc53.md","SEC-012","Security-adjacent correctness backlog","Feature owner","Sprint 4","high-bug;needs-regression"
"other-silent-failure-0d57115dcb","BUG","other-silent-failure","SQL execution failures exit successfully","scripts/execute-sql.ts",".deepsec/findings/BUG/nabatableLP-other-silent-failure-0d57115dcb.md","SEC-012","Security-adjacent correctness backlog","Feature owner","Sprint 4","high-bug;needs-regression"
"other-silent-write-failure-5467d893f4","BUG","other-silent-write-failure","Lead insert failures are silently reported as success","src/app/api/lead/route.ts",".deepsec/findings/BUG/nabatableLP-other-silent-write-failure-5467d893f4.md","SEC-007","Stored/reflected XSS and output encoding","Frontend/platform owner","Sprint 2","xss;needs-regression"
"other-soft-hold-leak-ef4c324193","BUG","other-soft-hold-leak","Direct assignment pre-check leaks soft holds until TTL","src/app/api/ops/bookings/[id]/tables/route.ts",".deepsec/findings/BUG/nabatableLP-other-soft-hold-leak-ef4c324193.md","SEC-012","Security-adjacent correctness backlog","Feature owner","Sprint 4","high-bug;needs-regression"
"other-stale-form-state-986f635c15","BUG","other-stale-form-state","Discarded new drink form data can reappear on the next new item","src/components/features/menu/DrinkItemSheet.tsx",".deepsec/findings/BUG/nabatableLP-other-stale-form-state-986f635c15.md","SEC-010","Data integrity, races, and idempotency","Domain workflow owner","Sprint 3","data-integrity;high-bug;needs-regression"
"other-stale-redirect-c954339e2d","BUG","other-stale-redirect","Legacy thank-you redirect targets a non-existent route","next.config.js",".deepsec/findings/BUG/nabatableLP-other-stale-redirect-c954339e2d.md","SEC-006","Generic URL validation and redirect policy gaps","Web/API owner","Sprint 2","xss;data-integrity;needs-regression"
"other-stale-redirect-ce39ab0734","BUG","other-stale-redirect","Invite token redirect targets a missing invite route","next.config.js",".deepsec/findings/BUG/nabatableLP-other-stale-redirect-ce39ab0734.md","SEC-001","Account takeover and auth-token exposure","Auth owner","Sprint 1","security-critical;account-takeover;secrets;needs-regression"
"other-stale-sitemap-domain-73449c93fc","BUG","other-stale-sitemap-domain","Sitemap generation can fall back to the starter template domain","next-sitemap.config.js",".deepsec/findings/BUG/nabatableLP-other-stale-sitemap-domain-73449c93fc.md","SEC-004","Production data scripts lack target safety","Data operations owner","Sprint 1","high-bug;service-role;data-integrity;needs-prod-config"
"other-stale-table-hold-f72fcd50dd","BUG","other-stale-table-hold","Smart assign can leave table holds unconfirmed or unreleased","src/components/features/dashboard/booking-details/components/TableAssignmentPanel.tsx",".deepsec/findings/BUG/nabatableLP-other-stale-table-hold-f72fcd50dd.md","SEC-010","Data integrity, races, and idempotency","Domain workflow owner","Sprint 3","data-integrity;high-bug;needs-regression"
"other-state-machine-bug-4ebb1b4e16","BUG","other-state-machine-bug","In-sync recomputes do not persist a last-known-good baseline","server/dual-sync/state/recompute.ts",".deepsec/findings/BUG/nabatableLP-other-state-machine-bug-4ebb1b4e16.md","SEC-010","Data integrity, races, and idempotency","Domain workflow owner","Sprint 3","data-integrity;high-bug;needs-regression"
"other-state-machine-bug-56d26f4ba7","BUG","other-state-machine-bug","Pending and failed states can mask new conflicts","server/dual-sync/state/compute.ts",".deepsec/findings/BUG/nabatableLP-other-state-machine-bug-56d26f4ba7.md","SEC-010","Data integrity, races, and idempotency","Domain workflow owner","Sprint 3","data-integrity;high-bug;needs-regression"
"other-target-validation-bug-66091294e1","BUG","other-target-validation-bug","Expected project-ref guard is substring-based","scripts/apply-sql-file.ts",".deepsec/findings/BUG/nabatableLP-other-target-validation-bug-66091294e1.md","SEC-006","Generic URL validation and redirect policy gaps","Web/API owner","Sprint 2","xss;data-integrity;needs-regression"
"other-timeout-not-enforced-54999976ab","BUG","other-timeout-not-enforced","Inline modification timeout is only relabeled after completion","server/bookings/modification-flow.ts",".deepsec/findings/BUG/nabatableLP-other-timeout-not-enforced-54999976ab.md","SEC-012","Security-adjacent correctness backlog","Feature owner","Sprint 4","high-bug;needs-regression"
"other-timezone-date-shift-5dc8d66a24","BUG","other-timezone-date-shift","Date-only reservations can render as the previous day in western timezones","reserve/shared/formatting/booking.ts",".deepsec/findings/BUG/nabatableLP-other-timezone-date-shift-5dc8d66a24.md","SEC-012","Security-adjacent correctness backlog","Feature owner","Sprint 4","high-bug;needs-regression"
"other-unsafe-owner-fallback-e028613b6a","BUG","other-unsafe-owner-fallback","Seeded restaurant ownership falls back to the first auth user","scripts/seed-restaurant.ts",".deepsec/findings/BUG/nabatableLP-other-unsafe-owner-fallback-e028613b6a.md","SEC-002","Service-role before tenant authorization","Platform/API owner","Sprint 1","security-critical;tenant-isolation;service-role;needs-regression"
"other-wrong-canonical-domain-8ea5da5f8d","BUG","other-wrong-canonical-domain","Sitemap config falls back to the starter template domain","next-sitemap.config.js",".deepsec/findings/BUG/nabatableLP-other-wrong-canonical-domain-8ea5da5f8d.md","SEC-004","Production data scripts lack target safety","Data operations owner","Sprint 1","high-bug;service-role;data-integrity;needs-prod-config"
"other-wrong-database-target-5db78e481e","BUG","other-wrong-database-target","Staging guard does not validate the database URL actually used","scripts/staging/replay-perf-workload.ts",".deepsec/findings/BUG/nabatableLP-other-wrong-database-target-5db78e481e.md","SEC-004","Production data scripts lack target safety","Data operations owner","Sprint 1","high-bug;service-role;data-integrity;needs-prod-config"
